"Time","tcss600threads-854bc8697c-jd8d4","tcss600posts-684d4857dc-tdkfz","tcss600users-5cc6c5d95d-svbrh","tcss600threads-854bc8697c-8nm64","tcss600users-5cc6c5d95d-s9nk5","tcss600posts-684d4857dc-nzgfb","tcss600posts-684d4857dc-kpd66","tcss600users-5cc6c5d95d-nk8rl","tcss600threads-854bc8697c-wnx4s","tcss600posts-684d4857dc-tdkfz","tcss600posts-684d4857dc-nzgfb","tcss600posts-684d4857dc-kpd66","tcss600threads-854bc8697c-jd8d4","tcss600threads-854bc8697c-8nm64","tcss600threads-854bc8697c-wnx4s","tcss600users-5cc6c5d95d-svbrh","tcss600users-5cc6c5d95d-s9nk5","tcss600users-5cc6c5d95d-nk8rl"
2020-06-03 20:46:20,,,,,,,,,,,,,,,,,,
2020-06-03 20:46:40,,,,,,,,,,,,,,,,,,
2020-06-03 20:47:00,,,,,,,,,,,,,,,,,,
2020-06-03 20:47:20,,,,,,,,,,,,,,,,,,
2020-06-03 20:47:40,,,,,,,,,,,,,,,,,,
2020-06-03 20:48:00,,,,,,,,,,,,,,,,,,
2020-06-03 20:48:20,,,,,,,,,,,,,,,,,,
2020-06-03 20:48:40,,,,,,,,,,,,,,,,,,
2020-06-03 20:49:00,,,,,,,,,,,,,,,,,,
2020-06-03 20:49:20,,,,,,,,,,,,,,,,,,
2020-06-03 20:49:40,,,,,,,,,,,,,,,,,,
2020-06-03 20:50:00,,,,,,,,,,,,,,,,,,
2020-06-03 20:50:20,,,,,,,,,,,,,,,,,,
2020-06-03 20:50:40,,,,,,,,,,,,,,,,,,
2020-06-03 20:51:00,,,,,,,,,,,,,,,,,,
2020-06-03 20:51:20,,,,,,,,,,,,,,,,,,
2020-06-03 20:51:40,,,,,,,,,,,,,,,,,,
2020-06-03 20:52:00,,,,,,,,,,,,,,,,,,
2020-06-03 20:52:20,,,,,,,,,,,,,,,,,,
2020-06-03 20:52:40,,,,,,,,,,,,,,,,,,
2020-06-03 20:53:00,,,,,,,,,,,,,,,,,,
2020-06-03 20:53:20,,,,,,,,,,,,,,,,,,
2020-06-03 20:53:40,,,,,,,,,,,,,,,,,,
2020-06-03 20:54:00,,,,,,,,,,,,,,,,,,
2020-06-03 20:54:20,,,,,,,,,,,,,,,,,,
2020-06-03 20:54:40,,,,,,,,,,,,,,,,,,
2020-06-03 20:55:00,,,,,,,,,,,,,,,,,,
2020-06-03 20:55:20,,,,,,,,,,,,,,,,,,
2020-06-03 20:55:40,,,,,,,,,,,,,,,,,,
2020-06-03 20:56:00,,,,,,,,,,,,,,,,,,
2020-06-03 20:56:20,,,,,,,,,,,,,,,,,,
2020-06-03 20:56:40,,,,,,,,,,,,,,,,,,
2020-06-03 20:57:00,,,,,,,,,,,,,,,,,,
2020-06-03 20:57:20,,,,,,,,,,,,,,,,,,
2020-06-03 20:57:40,,,,,,,,,,,,,,,,,,
2020-06-03 20:58:00,,,,,,,,,,,,,,,,,,
2020-06-03 20:58:20,,,,,,,,,,,,,,,,,,
2020-06-03 20:58:40,,,,,,,,,,,,,,,,,,
2020-06-03 20:59:00,,,,,,,,,,,,,,,,,,
2020-06-03 20:59:20,,,,,,,,,,,,,,,,,,
2020-06-03 20:59:40,,,,,,,,,,,,,,,,,,
2020-06-03 21:00:00,,,,,,,,,,,,,,,,,,
2020-06-03 21:00:20,,,,,,,,,,,,,,,,,,
2020-06-03 21:00:40,,,,,,,,,,,,,,,,,,
2020-06-03 21:01:00,,,,,,,,,,,,,,,,,,
2020-06-03 21:01:20,,,,,,,,,,,,,,,,,,
2020-06-03 21:01:40,,,,,,,,,,,,,,,,,,
2020-06-03 21:02:00,,,,,,,,,,,,,,,,,,
2020-06-03 21:02:20,,,,,,,,,,,,,,,,,,
2020-06-03 21:02:40,,,,,,,,,,,,,,,,,,
2020-06-03 21:03:00,,,,,,,,,,,,,,,,,,
2020-06-03 21:03:20,,,,,,,,,,,,,,,,,,
2020-06-03 21:03:40,,,,,,,,,,,,,,,,,,
2020-06-03 21:04:00,,,,,,,,,,,,,,,,,,
2020-06-03 21:04:20,,,,,,,,,,,,,,,,,,
2020-06-03 21:04:40,,,,,,,,,,,,,,,,,,
2020-06-03 21:05:00,,,,,,,,,,,,,,,,,,
2020-06-03 21:05:20,,,,,,,,,,,,,,,,,,
2020-06-03 21:05:40,,,,,,,,,,,,,,,,,,
2020-06-03 21:06:00,,,,,,,,,,,,,,,,,,
2020-06-03 21:06:20,,,,,,,,,,,,,,,,,,
2020-06-03 21:06:40,,,,,,,,,,,,,,,,,,
2020-06-03 21:07:00,,,,,,,,,,,,,,,,,,
2020-06-03 21:07:20,,,,,,,,,,,,,,,,,,
2020-06-03 21:07:40,,,,,,,,,,,,,,,,,,
2020-06-03 21:08:00,,,,,,,,,,,,,,,,,,
2020-06-03 21:08:20,,,,,,,,,,,,,,,,,,
2020-06-03 21:08:40,,,,,,,,,,,,,,,,,,
2020-06-03 21:09:00,,,,,,,,,,,,,,,,,,
2020-06-03 21:09:20,,,,,,,,,,,,,,,,,,
2020-06-03 21:09:40,,,,,,,,,,,,,,,,,,
2020-06-03 21:10:00,,,,,,,,,,,,,,,,,,
2020-06-03 21:10:20,,,,,,,,,,,,,,,,,,
2020-06-03 21:10:40,,,,,,,,,,,,,,,,,,
2020-06-03 21:11:00,,,,,,,,,,,,,,,,,,
2020-06-03 21:11:20,,,,,,,,,,,,,,,,,,
2020-06-03 21:11:40,,,,,,,,,,,,,,,,,,
2020-06-03 21:12:00,,,,,,,,,,,,,,,,,,
2020-06-03 21:12:20,,,,,,,,,,,,,,,,,,
2020-06-03 21:12:40,,,,,,,,,,,,,,,,,,
2020-06-03 21:13:00,,,,,,,,,,,,,,,,,,
2020-06-03 21:13:20,,,,,,,,,,,,,,,,,,
2020-06-03 21:13:40,,,,,,,,,,,,,,,,,,
2020-06-03 21:14:00,,,,,,,,,,,,,,,,,,
2020-06-03 21:14:20,,,,,,,,,,,,,,,,,,
2020-06-03 21:14:40,,,,,,,,,,,,,,,,,,
2020-06-03 21:15:00,,,,,,,,,,,,,,,,,,
2020-06-03 21:15:20,,,,,,,,,,,,,,,,,,
2020-06-03 21:15:40,,,,,,,,,,,,,,,,,,
2020-06-03 21:16:00,,,,,,,,,,,,,,,,,,
2020-06-03 21:16:20,,,,,,,,,,,,,,,,,,
2020-06-03 21:16:40,,,,,,,,,,,,,,,,,,
2020-06-03 21:17:00,,,,,,,,,,,,,,,,,,
2020-06-03 21:17:20,,,,,,,,,,,,,,,,,,
2020-06-03 21:17:40,,,,,,,,,,,,,,,,,,
2020-06-03 21:18:00,,,,,,,,,,,,,,,,,,
2020-06-03 21:18:20,,,,,,,,,,,,,,,,,,
2020-06-03 21:18:40,,,,,,,,,,,,,,,,,,
2020-06-03 21:19:00,,,,,,,,,,,,,,,,,,
2020-06-03 21:19:20,,,,,,,,,,,,,,,,,,
2020-06-03 21:19:40,,,,,,,,,,,,,,,,,,
2020-06-03 21:20:00,,,,,,,,,,,,,,,,,,
2020-06-03 21:20:20,,,,,,,,,,,,,,,,,,
2020-06-03 21:20:40,,,,,,,,,,,,,,,,,,
2020-06-03 21:21:00,,,,,,,,,,,,,,,,,,
2020-06-03 21:21:20,,,,,,,,,,,,,,,,,,
2020-06-03 21:21:40,,,,,,,,,,,,,,,,,,
2020-06-03 21:22:00,,,,,,,,,,,,,,,,,,
2020-06-03 21:22:20,,,,,,,,,,,,,,,,,,
2020-06-03 21:22:40,,,,,,,,,,,,,,,,,,
2020-06-03 21:23:00,,,,,,,,,,,,,,,,,,
2020-06-03 21:23:20,,,,,,,,,,,,,,,,,,
2020-06-03 21:23:40,,,,,,,,,,,,,,,,,,
2020-06-03 21:24:00,,,,,,,,,,,,,,,,,,
2020-06-03 21:24:20,,,,,,,,,,,,,,,,,,
2020-06-03 21:24:40,,,,,,,,,,,,,,,,,,
2020-06-03 21:25:00,,,,,,,,,,,,,,,,,,
2020-06-03 21:25:20,,,,,,,,,,,,,,,,,,
2020-06-03 21:25:40,,,,,,,,,,,,,,,,,,
2020-06-03 21:26:00,,,,,,,,,,,,,,,,,,
2020-06-03 21:26:20,,,,,,,,,,,,,,,,,,
2020-06-03 21:26:40,,,,,,,,,,,,,,,,,,
2020-06-03 21:27:00,,,,,,,,,,,,,,,,,,
2020-06-03 21:27:20,,,,,,,,,,,,,,,,,,
2020-06-03 21:27:40,,,,,,,,,,,,,,,,,,
2020-06-03 21:28:00,,,,,,,,,,,,,,,,,,
2020-06-03 21:28:20,,,,,,,,,,,,,,,,,,
2020-06-03 21:28:40,,,,,,,,,,,,,,,,,,
2020-06-03 21:29:00,,,,,,,,,,,,,,,,,,
2020-06-03 21:29:20,,,,,,,,,,,,,,,,,,
2020-06-03 21:29:40,,,,,,,,,,,,,,,,,,
2020-06-03 21:30:00,,,,,,,,,,,,,,,,,,
2020-06-03 21:30:20,,,,,,,,,,,,,,,,,,
2020-06-03 21:30:40,,,,,,,,,,,,,,,,,,
2020-06-03 21:31:00,,,,,,,,,,,,,,,,,,
2020-06-03 21:31:20,,,,,,,,,,,,,,,,,,
2020-06-03 21:31:40,,,,,,,,,,,,,,,,,,
2020-06-03 21:32:00,,,,,,,,,,,,,,,,,,
2020-06-03 21:32:20,,,,,,,,,,,,,,,,,,
2020-06-03 21:32:40,,,,,,,,,,,,,,,,,,
2020-06-03 21:33:00,,,,,,,,,,,,,,,,,,
2020-06-03 21:33:20,,,,,,,,,,,,,,,,,,
2020-06-03 21:33:40,,,,,,,,,,,,,,,,,,
2020-06-03 21:34:00,,,,,,,,,,,,,,,,,,
2020-06-03 21:34:20,,,,,,,,,,,,,,,,,,
2020-06-03 21:34:40,,,,,,,,,,,,,,,,,,
2020-06-03 21:35:00,,,,,,,,,,,,,,,,,,
2020-06-03 21:35:20,,,,,,,,,,,,,,,,,,
2020-06-03 21:35:40,,,,,,,,,,,,,,,,,,
2020-06-03 21:36:00,,,,,,,,,,,,,,,,,,
2020-06-03 21:36:20,,,,,,,,,,,,,,,,,,
2020-06-03 21:36:40,,,,,,,,,,,,,,,,,,
2020-06-03 21:37:00,,,,,,,,,,,,,,,,,,
2020-06-03 21:37:20,,,,,,,,,,,,,,,,,,
2020-06-03 21:37:40,,,,,,,,,,,,,,,,,,
2020-06-03 21:38:00,,,,,,,,,,,,,,,,,,
2020-06-03 21:38:20,,,,,,,,,,,,,,,,,,
2020-06-03 21:38:40,,,,,,,,,,,,,,,,,,
2020-06-03 21:39:00,,,,,,,,,,,,,,,,,,
2020-06-03 21:39:20,,,,,,,,,,,,,,,,,,
2020-06-03 21:39:40,,,,,,,,,,,,,,,,,,
2020-06-03 21:40:00,,,,,,,,,,,,,,,,,,
2020-06-03 21:40:20,,,0.000009441646250782082,,,,,,,,,,,,,0.000009441646250782082,,
2020-06-03 21:40:40,,,0.000011524504000470663,,,,,,,,,,,,,0.000011524504000470663,,
2020-06-03 21:41:00,,,0.000013607361750159245,,0.00000508667803081534,,,0.00000818800831243895,,,,,,,,0.000013607361750159245,0.00000508667803081534,0.00000818800831243895
2020-06-03 21:41:20,,,0.00001569021949984783,,0.000006124182728297462,,,0.000009861994055042224,,,,,,,,0.00001569021949984783,0.000006124182728297462,0.000009861994055042224
2020-06-03 21:41:40,,,0.000012331861611690685,,0.000007161687425779581,,,0.000008459396582361595,,,,,,,,0.000012331861611690685,0.000007161687425779581,0.000008459396582361595
2020-06-03 21:42:00,,,0.000013760926064784141,,0.000006257813333333158,,,0.000009750488645220835,,,,,,,,0.000013760926064784141,0.000006257813333333158,0.000009750488645220835
2020-06-03 21:42:20,,,0.000015189990517877599,,0.000013711105793722932,,,0.000011041580708080075,,,,,,,,0.000015189990517877599,0.000013711105793722932,0.000011041580708080075
2020-06-03 21:42:40,,,0.000014871103202946867,,0.00001523200814449481,,,0.000009715145000000064,,,,,,,,0.000014871103202946867,0.00001523200814449481,0.000009715145000000064
2020-06-03 21:43:00,,,0.000016150009680247766,,0.000016752910495266687,,,0.000009715145000000064,,,,,,,,0.000016150009680247766,0.000016752910495266687,0.000009715145000000064
2020-06-03 21:43:20,,,0.000018288042289145078,,0.00003751336866611259,,,0.00001667003994949477,,,,,,,,0.000018288042289145078,0.00003751336866611259,0.00001667003994949477
2020-06-03 21:43:40,,,0.000018288042289145078,,0.000040649175413171384,,,0.00001807437185369896,,,,,,,,0.000018288042289145078,0.000040649175413171384,0.00001807437185369896
2020-06-03 21:44:00,,,0.000018288042289145078,,0.00003912619746616779,,,0.00003558187583015561,,,,,,,,0.000018288042289145078,0.00003912619746616779,0.00003558187583015561
2020-06-03 21:44:20,,,0.000011807562087046567,,0.00003912619746616779,,,0.00003558187583015561,,,,,,,,0.000011807562087046567,0.00003912619746616779,0.00003558187583015561
2020-06-03 21:44:40,,,0.000014722226714100917,,0.00003912619746616779,,,0.00003558187583015561,,,,,,,,0.000014722226714100917,0.00003912619746616779,0.00003558187583015561
2020-06-03 21:45:00,,,0.000014722226714100917,,0.00004337528403530119,,,0.000039758423883218,,,,,,,,0.000014722226714100917,0.00004337528403530119,0.000039758423883218
2020-06-03 21:45:20,,,0.000013300818233185708,,0.00004337528403530119,,,0.000039758423883218,,,,,,,,0.000013300818233185708,0.00004337528403530119,0.000039758423883218
2020-06-03 21:45:40,,,0.000013300818233185708,,0.00004337528403530119,,,0.000039758423883218,,,,,,,,0.000013300818233185708,0.00004337528403530119,0.000039758423883218
2020-06-03 21:46:00,,,0.000013300818233185708,,0.00004981414766373842,,,0.00003631884988126565,,,,,,,,0.000013300818233185708,0.00004981414766373842,0.00003631884988126565
2020-06-03 21:46:20,,,0.000029815574581976363,,0.00004981414766373842,,,0.00003631884988126565,,,,,,,,0.000029815574581976363,0.00004981414766373842,0.00003631884988126565
2020-06-03 21:46:40,,,0.000033862747981969625,,0.00004981414766373842,,,0.00003534966655521184,,,,,,,,0.000033862747981969625,0.00004981414766373842,0.00003534966655521184
2020-06-03 21:47:00,,,0.000033862747981969625,,0.0000432189413161132,,,0.000035957856594690756,,,,,,,,0.000033862747981969625,0.0000432189413161132,0.000035957856594690756
2020-06-03 21:47:20,,,0.00008019754568723505,,0.00003242573938070679,,,0.000035957856594690756,,,,,,,,0.00008019754568723505,0.00003242573938070679,0.000035957856594690756
2020-06-03 21:47:40,,,0.00009159350883141201,,0.00003242573938070679,,,0.000035957856594690756,,,,,,,,0.00009159350883141201,0.00003242573938070679,0.000035957856594690756
2020-06-03 21:48:00,,,0.00009159350883141201,,0.00003076992038991581,,,0.000037791535533985895,,,,,,,,0.00009159350883141201,0.00003076992038991581,0.000037791535533985895
2020-06-03 21:48:20,,,0.00009997339789523676,,0.000035117816103870087,,,0.000027223392248211,,,,,,,,0.00009997339789523676,0.000035117816103870087,0.000027223392248211
2020-06-03 21:48:40,,,0.00009997339789523676,,0.000032658809322714055,,,0.000027223392248211,,,,,,,,0.00009997339789523676,0.000032658809322714055,0.000027223392248211
2020-06-03 21:49:00,,,0.00009997339789523676,,0.000032961465359336256,,,0.000022383473056515532,,,,,,,,0.00009997339789523676,0.000032961465359336256,0.000022383473056515532
2020-06-03 21:49:20,,,0.00009338841798239011,,0.000032961465359336256,,,0.000021363178765072432,,,,,,,,0.00009338841798239011,0.000032961465359336256,0.000021363178765072432
2020-06-03 21:49:40,,,0.00011162555922167918,,0.000032961465359336256,,,0.000021363178765072432,,,,,,,,0.00011162555922167918,0.000032961465359336256,0.000021363178765072432
2020-06-03 21:50:00,,,0.00011162555922167918,,0.000020036432616750646,,,0.0000259387736097111,,,,,,,,0.00011162555922167918,0.000020036432616750646,0.0000259387736097111
2020-06-03 21:50:20,,,0.00009625315806952878,,0.000020036432616750646,,,0.000024256031425700325,,,,,,,,0.00009625315806952878,0.000020036432616750646,0.000024256031425700325
2020-06-03 21:50:40,,,0.00009625315806952878,,0.000020036432616750646,,,0.000024256031425700325,,,,,,,,0.00009625315806952878,0.000020036432616750646,0.000024256031425700325
2020-06-03 21:51:00,,,0.00009625315806952878,,0.00005411447355867212,,,0.000027570202127659572,,,,,,,,0.00009625315806952878,0.00005411447355867212,0.000027570202127659572
2020-06-03 21:51:20,,,0.00003534768900939529,,0.00005411447355867212,,,0.00002341493000302136,,,,,,,,0.00003534768900939529,0.00005411447355867212,0.00002341493000302136
2020-06-03 21:51:40,,,0.00003534768900939529,,0.00005411447355867212,,,0.00002341493000302136,,,,,,,,0.00003534768900939529,0.00005411447355867212,0.00002341493000302136
2020-06-03 21:52:00,,,0.00003534768900939529,,0.000047169106354389713,,,0.000016926002190580427,,,,,,,,0.00003534768900939529,0.000047169106354389713,0.000016926002190580427
2020-06-03 21:52:20,,,0.00003914042140099281,,0.000054163184747037624,,,0.000016926002190580427,,,,,,,,0.00003914042140099281,0.000054163184747037624,0.000016926002190580427
2020-06-03 21:52:40,,,0.00003914042140099281,,0.000054163184747037624,,,0.000016926002190580427,,,,,,,,0.00003914042140099281,0.000054163184747037624,0.000016926002190580427
2020-06-03 21:53:00,,,0.00003914042140099281,,0.000052902751408012644,,,0.000011872893333333413,,,,,,,,0.00003914042140099281,0.000052902751408012644,0.000011872893333333413
2020-06-03 21:53:20,,,0.000025756436234328383,,0.000052902751408012644,,,0.000015803950553717076,,,,,,,,0.000025756436234328383,0.000052902751408012644,0.000015803950553717076
2020-06-03 21:53:40,,,0.00006990791331499165,,0.00006191473220155037,,,0.000015803950553717076,,,,,,,,0.00006990791331499165,0.00006191473220155037,0.000015803950553717076
2020-06-03 21:54:00,,,0.00006990791331499165,,0.00005761312329750265,,,0.00001535035036090865,,,,,,,,0.00006990791331499165,0.00005761312329750265,0.00001535035036090865
2020-06-03 21:54:20,,,0.00006829432387025984,,0.00005761312329750265,,,0.000014414046367250098,,,,,,,,0.00006829432387025984,0.00005761312329750265,0.000014414046367250098
2020-06-03 21:54:40,,,0.00006829432387025984,,0.00005761312329750265,,,0.000014414046367250098,,,,,,,,0.00006829432387025984,0.00005761312329750265,0.000014414046367250098
2020-06-03 21:55:00,,,0.00006829432387025984,,0.000029909031117688248,,,0.000012227381480664384,,,,,,,,0.00006829432387025984,0.000029909031117688248,0.000012227381480664384
2020-06-03 21:55:20,,,0.00006682842215426873,,0.000029909031117688248,,,0.000051738597986955056,,,,,,,,0.00006682842215426873,0.000029909031117688248,0.000051738597986955056
2020-06-03 21:55:40,,,0.00006682842215426873,,0.000029909031117688248,,,0.000051738597986955056,,,,,,,,0.00006682842215426873,0.000029909031117688248,0.000051738597986955056
2020-06-03 21:56:00,,,0.00006682842215426873,,0.000024429278552543573,,,0.000046143862212661235,,,,,,,,0.00006682842215426873,0.000024429278552543573,0.000046143862212661235
2020-06-03 21:56:20,,,0.00006232035228734338,,0.000024429278552543573,,,0.00005074135204428009,,,,,,,,0.00006232035228734338,0.000024429278552543573,0.00005074135204428009
2020-06-03 21:56:40,,,0.00006232035228734338,,0.000024429278552543573,,,0.00005074135204428009,,,,,,,,0.00006232035228734338,0.000024429278552543573,0.00005074135204428009
2020-06-03 21:57:00,,,0.00006232035228734338,,0.000024429278552543573,,,0.00004622962657880909,,,,,,,,0.00006232035228734338,0.000024429278552543573,0.00004622962657880909
2020-06-03 21:57:20,,,0.000015080244444444346,,0.00002497364073295289,,,0.000052182423511600805,,,,,,,,0.000015080244444444346,0.00002497364073295289,0.000052182423511600805
2020-06-03 21:57:40,,,0.000021432878730179978,,0.00002497364073295289,,,0.00005218242351160082,,,,,,,,0.000021432878730179978,0.00002497364073295289,0.00005218242351160082
2020-06-03 21:58:00,,,0.000021432878730179978,,0.00002291112435728673,,,0.00004726559081240294,,,,,,,,0.000021432878730179978,0.00002291112435728673,0.00004726559081240294
2020-06-03 21:58:20,,,0.000021432878730179978,,0.00002291112435728673,,,0.00005321758842405471,,,,,,,,0.000021432878730179978,0.00002291112435728673,0.00005321758842405471
2020-06-03 21:58:40,,,0.000020618398718975237,,0.00002291112435728673,,,0.00005321758842405471,,,,,,,,0.000020618398718975237,0.00002291112435728673,0.00005321758842405471
2020-06-03 21:59:00,,,0.000020618398718975237,,0.000010849745092320835,,,0.00002062625049876912,,,,,,,,0.000020618398718975237,0.000010849745092320835,0.00002062625049876912
2020-06-03 21:59:20,,,0.00002198887042907766,,0.000012396536711592961,,,0.00002324827853273553,,,,,,,,0.00002198887042907766,0.000012396536711592961,0.00002324827853273553
2020-06-03 21:59:40,,,0.00002198887042907766,,0.000012396536711592961,,,0.00002324827853273553,,,,,,,,0.00002198887042907766,0.000012396536711592961,0.00002324827853273553
2020-06-03 22:00:00,,,0.00002198887042907766,,0.000027767173093307943,,,0.000027326517923246536,,,,,,,,0.00002198887042907766,0.000027767173093307943,0.000027326517923246536
2020-06-03 22:00:20,,,0.000019841362723774484,,0.000027767173093307943,,,0.000028821953242768205,,,,,,,,0.000019841362723774484,0.000027767173093307943,0.000028821953242768205
2020-06-03 22:00:40,,,0.000019841362723774484,,0.000027767173093307943,,,0.000028821953242768205,,,,,,,,0.000019841362723774484,0.000027767173093307943,0.000028821953242768205
2020-06-03 22:01:00,,,0.000019841362723774484,,0.000028450260167054635,,,0.000030047121812283417,,,,,,,,0.000019841362723774484,0.000028450260167054635,0.000030047121812283417
2020-06-03 22:01:20,,,0.000021914552633616176,,0.000028450260167054645,,,0.000026803548725446626,,,,,,,,0.000021914552633616176,0.000028450260167054645,0.000026803548725446626
2020-06-03 22:01:40,,,0.000021914552633616176,,0.000028450260167054645,,,0.000026803548725446626,,,,,,,,0.000021914552633616176,0.000028450260167054645,0.000026803548725446626
2020-06-03 22:02:00,,,0.000021914552633616176,,0.000028450260167054645,,,0.000022845315156133557,,,,,,,,0.000021914552633616176,0.000028450260167054645,0.000022845315156133557
2020-06-03 22:02:20,,,0.00002379405062202595,,0.000029370406399042154,,,0.000022845315156133557,,,,,,,,0.00002379405062202595,0.000029370406399042154,0.000022845315156133557
2020-06-03 22:02:40,,,0.000026752648182120256,,0.000029370406399042154,,,0.000022845315156133557,,,,,,,,0.000026752648182120256,0.000029370406399042154,0.000022845315156133557
2020-06-03 22:03:00,,,0.000026752648182120256,,0.000032966783609256255,,,0.000018893648818981743,,,,,,,,0.000026752648182120256,0.000032966783609256255,0.000018893648818981743
2020-06-03 22:03:20,,,0.0000248771302299768,,0.000032966783609256255,,,0.000018893648818981743,,,,,,,,0.0000248771302299768,0.000032966783609256255,0.000018893648818981743
2020-06-03 22:03:40,,,0.000026517188368822138,,0.000032966783609256255,,,0.000018893648818981743,,,,,,,,0.000026517188368822138,0.000032966783609256255,0.000018893648818981743
2020-06-03 22:04:00,,,0.000026517188368822138,,0.00002920115970155835,,,0.000010204034173898402,,,,,,,,0.000026517188368822138,0.00002920115970155835,0.000010204034173898402
2020-06-03 22:04:20,,,0.000025100889105845714,,0.000018655583266358,,,0.00002571861785254654,,,,,,,,0.000025100889105845714,0.000018655583266358,0.00002571861785254654
2020-06-03 22:04:40,,,0.000025100889105845714,,0.000018655583266358,,,0.00002571861785254654,,,,,,,,0.000025100889105845714,0.000018655583266358,0.00002571861785254654
2020-06-03 22:05:00,,,0.000025100889105845714,,0.000020958013651287364,,,0.00003419745556136818,,,,,,,,0.000025100889105845714,0.000020958013651287364,0.00003419745556136818
2020-06-03 22:05:20,,,0.000022963674894041477,,0.000020958013651287364,,,0.00002980379123788096,,,,,,,,0.000022963674894041477,0.000020958013651287364,0.00002980379123788096
2020-06-03 22:05:40,,,0.000022963674894041477,,0.000020958013651287364,,,0.00002980379123788096,,,,,,,,0.000022963674894041477,0.000020958013651287364,0.00002980379123788096
2020-06-03 22:06:00,,,0.000022963674894041477,,0.00001927363395287427,,,0.00002651571093106703,,,,,,,,0.000022963674894041477,0.00001927363395287427,0.00002651571093106703
2020-06-03 22:06:20,,,0.000023829266358438362,,0.00001930317197129293,,,0.00002921034589304201,,,,,,,,0.000023829266358438362,0.00001930317197129293,0.00002921034589304201
2020-06-03 22:06:40,,,0.000023829266358438362,,0.00001930317197129293,,,0.00002921034589304201,,,,,,,,0.000023829266358438362,0.00001930317197129293,0.00002921034589304201
2020-06-03 22:07:00,,,0.000024150365959516506,,0.00003225178327254187,,,0.000033097996429279906,,,,,,,,0.000024150365959516506,0.00003225178327254187,0.000033097996429279906
2020-06-03 22:07:20,,,0.000025770865684111217,,0.000034828579174813854,,,0.000030225541499365373,,,,,,,,0.000025770865684111217,0.000034828579174813854,0.000030225541499365373
2020-06-03 22:07:40,,,0.000025770865684111217,,0.00003482857917481385,,,0.000030225541499365373,,,,,,,,0.000025770865684111217,0.00003482857917481385,0.000030225541499365373
2020-06-03 22:08:00,,,0.000022802856558993533,,0.00012415530659980482,,,0.000017216444787267712,,,,,,,,0.000022802856558993533,0.00012415530659980482,0.000017216444787267712
2020-06-03 22:08:20,,,0.00003198904134253781,,0.00012415530659980482,,,0.000018681345109088055,,,,,,,,0.00003198904134253781,0.00012415530659980482,0.000018681345109088055
2020-06-03 22:08:40,,,0.00003198904134253781,,0.00012415530659980482,,,0.000018681345109088055,,,,,,,,0.00003198904134253781,0.00012415530659980482,0.000018681345109088055
2020-06-03 22:09:00,,,0.00003198904134253781,,0.00015019388186110987,,,0.000018681345109088055,,,,,,,,0.00003198904134253781,0.00015019388186110987,0.000018681345109088055
2020-06-03 22:09:20,,,0.0000704572801345828,,0.00011486898167622624,,,0.00002162480728333205,,,,,,,,0.0000704572801345828,0.00011486898167622624,0.00002162480728333205
2020-06-03 22:09:40,,,0.0000704572801345828,,0.00011486898167622624,,,0.00002162480728333205,,,,,,,,0.0000704572801345828,0.00011486898167622624,0.00002162480728333205
2020-06-03 22:10:00,,,0.0000704572801345828,,0.00012787026586595057,,,0.000019293929533606157,,,,,,,,0.0000704572801345828,0.00012787026586595057,0.000019293929533606157
2020-06-03 22:10:20,,,0.0001191376022079815,,0.00012787026586595057,,,0.000021056374077818146,,,,,,,,0.0001191376022079815,0.00012787026586595057,0.000021056374077818146
2020-06-03 22:10:40,,,0.0001191376022079815,,0.00012787026586595057,,,0.000021056374077818146,,,,,,,,0.0001191376022079815,0.00012787026586595057,0.000021056374077818146
2020-06-03 22:11:00,,,0.0001191376022079815,,0.0001019352316462071,,,0.000020928869950365292,,,,,,,,0.0001191376022079815,0.0001019352316462071,0.000020928869950365292
2020-06-03 22:11:20,,,0.00011144967987775397,,0.00010334513439648496,,,0.000020928869950365292,,,,,,,,0.00011144967987775397,0.00010334513439648496,0.000020928869950365292
2020-06-03 22:11:40,,,0.00011144967987775397,,0.00010334513439648496,,,0.000020928869950365292,,,,,,,,0.00011144967987775397,0.00010334513439648496,0.000020928869950365292
2020-06-03 22:12:00,,,0.00012123030032475964,,0.000017881118274439264,,,0.00008202315519481607,,,,,,,,0.00012123030032475964,0.000017881118274439264,0.00008202315519481607
2020-06-03 22:12:20,,,0.00014512911479438022,,0.00001826659991589395,,,0.00009773040595670863,,,,,,,,0.00014512911479438022,0.00001826659991589395,0.00009773040595670863
2020-06-03 22:12:40,,,0.00012020438578697008,,0.00001826659991589395,,,0.00009773040595670863,,,,,,,,0.00012020438578697008,0.00001826659991589395,0.00009773040595670863
2020-06-03 22:13:00,,,0.00012020438578697008,,0.0000170974052672518,,,0.00009773040595670863,,,,,,,,0.00012020438578697008,0.0000170974052672518,0.00009773040595670863
2020-06-03 22:13:20,,,0.00009870809639572978,,0.000018220279249159978,,,0.00009450176703420995,,,,,,,,0.00009870809639572978,0.000018220279249159978,0.00009450176703420995
2020-06-03 22:13:40,,,0.00007926885949660042,,0.000018220279249159978,,,0.00009450176703420995,,,,,,,,0.00007926885949660042,0.000018220279249159978,0.00009450176703420995
2020-06-03 22:14:00,,,0.00007926885949660042,,0.000018014935906213332,,,0.00007751411110625292,,,,,,,,0.00007926885949660042,0.000018014935906213332,0.00007751411110625292
2020-06-03 22:14:20,,,0.000027187675118030737,,0.00001633468043386309,,,0.00009052311341439112,,,,,,,,0.000027187675118030737,0.00001633468043386309,0.00009052311341439112
2020-06-03 22:14:40,,,0.000027187675118030737,,0.00001633468043386309,,,0.00009052311341439112,,,,,,,,0.000027187675118030737,0.00001633468043386309,0.00009052311341439112
2020-06-03 22:15:00,,,0.000027187675118030743,,0.000016631949069741843,,,0.0001143671685179921,,,,,,,,0.000027187675118030743,0.000016631949069741843,0.0001143671685179921
2020-06-03 22:15:20,,,0.000027567138309465022,,0.000018847613927375318,,,0.00009312496433322212,,,,,,,,0.000027567138309465022,0.000018847613927375318,0.00009312496433322212
2020-06-03 22:15:40,,,0.000027567138309465022,,0.000018847613927375318,,,0.00009312496433322212,,,,,,,,0.000027567138309465022,0.000018847613927375318,0.00009312496433322212
2020-06-03 22:16:00,,,0.000027567138309465022,,0.000018825737007129276,,,0.000020319849079434928,,,,,,,,0.000027567138309465022,0.000018825737007129276,0.000020319849079434928
2020-06-03 22:16:20,,,0.000014642595042667046,,0.000018825737007129276,,,0.000020319849079434928,,,,,,,,0.000014642595042667046,0.000018825737007129276,0.000020319849079434928
2020-06-03 22:16:40,,,0.000014642595042667046,,0.000018825737007129276,,,0.000020319849079434928,,,,,,,,0.000014642595042667046,0.000018825737007129276,0.000020319849079434928
2020-06-03 22:17:00,,,0.000014642595042667046,,0.00002115008747728947,,,0.000016741772311661354,,,,,,,,0.000014642595042667046,0.00002115008747728947,0.000016741772311661354
2020-06-03 22:17:20,,,0.000012994418854285673,,0.000021009958031922255,,,0.000018990983404962923,,,,,,,,0.000012994418854285673,0.000021009958031922255,0.000018990983404962923
2020-06-03 22:17:40,,,0.000011444750990682343,,0.000021009958031922255,,,0.000018990983404962923,,,,,,,,0.000011444750990682343,0.000021009958031922255,0.000018990983404962923
2020-06-03 22:18:00,,,0.000011444750990682341,,0.000020454624158677245,,,0.000017435580807476093,,,,,,,,0.000011444750990682341,0.000020454624158677245,0.000017435580807476093
2020-06-03 22:18:20,,,0.000013609271208958074,,0.000021112743506818843,,,0.000020293534006962775,,,,,,,,0.000013609271208958074,0.000021112743506818843,0.000020293534006962775
2020-06-03 22:18:40,,,0.00001304302528899387,,0.00002111274350681884,,,0.000020293534006962775,,,,,,,,0.00001304302528899387,0.00002111274350681884,0.000020293534006962775
2020-06-03 22:19:00,,,0.00001304302528899387,,0.00001919051826054303,,,0.000014914624583166596,,,,,,,,0.00001304302528899387,0.00001919051826054303,0.000014914624583166596
2020-06-03 22:19:20,,,0.000009446998692214422,,0.00001919051826054303,,,0.000022377614996783106,,,,,,,,0.000009446998692214422,0.00001919051826054303,0.000022377614996783106
2020-06-03 22:19:40,,,0.000009446998692214422,,0.00001919051826054303,,,0.000022377614996783106,,,,,,,,0.000009446998692214422,0.00001919051826054303,0.000022377614996783106
2020-06-03 22:20:00,,,0.000009446998692214422,,0.000025608389441456127,,,0.000019859789232983662,,,,,,,,0.000009446998692214422,0.000025608389441456127,0.000019859789232983662
2020-06-03 22:20:20,,,0.000013406543319393457,,0.000026861771959165305,,,0.000019651730805214313,,,,,,,,0.000013406543319393457,0.000026861771959165305,0.000019651730805214313
2020-06-03 22:20:40,,,0.000013406543319393457,,0.000026861771959165298,,,0.000019651730805214313,,,,,,,,0.000013406543319393457,0.000026861771959165298,0.000019651730805214313
2020-06-03 22:21:00,,,0.000013406543319393457,,0.000022009595276688394,,,0.000017088494885108377,,,,,,,,0.000013406543319393457,0.000022009595276688394,0.000017088494885108377
2020-06-03 22:21:20,,,0.00001364582300088875,,0.000022009595276688394,,,0.000019365260492333482,,,,,,,,0.00001364582300088875,0.000022009595276688394,0.000019365260492333482
2020-06-03 22:21:40,,,0.000019178494492788752,,0.000022009595276688394,,,0.000019365260492333482,,,,,,,,0.000019178494492788752,0.000022009595276688394,0.000019365260492333482
2020-06-03 22:22:00,,,0.000019178494492788752,,0.000019796183344904053,,,0.000017314195281484248,,,,,,,,0.000019178494492788752,0.000019796183344904053,0.000017314195281484248
2020-06-03 22:22:20,,,0.00001830228934954767,,0.000019796183344904053,,,0.00001882970186566387,,,,,,,,0.00001830228934954767,0.000019796183344904053,0.00001882970186566387
2020-06-03 22:22:40,,,0.00002573199700641201,,0.000019796183344904053,,,0.00001882970186566387,,,,,,,,0.00002573199700641201,0.000019796183344904053,0.00001882970186566387
2020-06-03 22:23:00,,,0.00002573199700641201,,0.0002248456748597118,,,0.00021352929110026426,,,,,,,,0.00002573199700641201,0.0002248456748597118,0.00021352929110026426
2020-06-03 22:23:20,,,0.0003411383229689402,,0.0002248456748597118,,,0.00021352929110026426,,,,,,,,0.0003411383229689402,0.0002248456748597118,0.00021352929110026426
2020-06-03 22:23:40,,,0.0003411383229689402,,0.0002248456748597118,,,0.0002135292911002643,,,,,,,,0.0003411383229689402,0.0002248456748597118,0.0002135292911002643
2020-06-03 22:24:00,,,0.00034113832296894016,,0.00028537513107787407,,,0.0009671344392621714,,,,,,,,0.00034113832296894016,0.00028537513107787407,0.0009671344392621714
2020-06-03 22:24:20,,,0.0012783771119318807,,0.0010955837849618002,,,0.0011923114083999232,,,,,,,,0.0012783771119318807,0.0010955837849618002,0.0011923114083999232
2020-06-03 22:24:40,,,0.0012783771119318807,,0.0010955837849618002,,,0.0011923114083999232,,,,,,,,0.0012783771119318807,0.0010955837849618002,0.0011923114083999232
2020-06-03 22:25:00,,,0.0012783771119318807,,0.0014515982778108432,,,0.0014972281176073002,,,,,,,,0.0012783771119318807,0.0014515982778108432,0.0014972281176073002
2020-06-03 22:25:20,,,0.0024551641281379427,,0.002101647989970404,,,0.002378203367071316,,,,,,,,0.0024551641281379427,0.002101647989970404,0.002378203367071316
2020-06-03 22:25:40,,,0.0024551641281379427,,0.002101647989970404,,,0.002378203367071316,,,,,,,,0.0024551641281379427,0.002101647989970404,0.002378203367071316
2020-06-03 22:26:00,,,0.0024551641281379427,,0.0031476535625684604,,,0.0037339661671362133,,,,,,,,0.0024551641281379427,0.0031476535625684604,0.0037339661671362133
2020-06-03 22:26:20,,,0.0024551641281379427,,0.0031476535625684604,,,0.0037339661671362133,,,,,,,,0.0024551641281379427,0.0031476535625684604,0.0037339661671362133
2020-06-03 22:26:40,,,0.0037279501383647787,,0.0031476535625684604,,,0.0037339661671362133,,,,,,,,0.0037279501383647787,0.0031476535625684604,0.0037339661671362133
2020-06-03 22:27:00,,,0.0037279501383647787,,0.004318856871822765,,,0.005034032411162417,,,,,,,,0.0037279501383647787,0.004318856871822765,0.005034032411162417
2020-06-03 22:27:20,,,0.004109295759377163,,0.004318856871822765,,,0.005034032411162417,,,,,,,,0.004109295759377163,0.004318856871822765,0.005034032411162417
2020-06-03 22:27:40,,,0.004746482891331664,,0.004318856871822764,,,0.005034032411162417,,,,,,,,0.004746482891331664,0.004318856871822764,0.005034032411162417
2020-06-03 22:28:00,,,0.004746482891331664,,0.005076887017653627,,,0.00610352807651381,,,,,,,,0.004746482891331664,0.005076887017653627,0.00610352807651381
2020-06-03 22:28:20,,,0.005372383081750448,,0.005076887017653627,,,0.00610352807651381,,,,,,,,0.005372383081750448,0.005076887017653627,0.00610352807651381
2020-06-03 22:28:40,,,0.005372383081750448,,0.005076887017653627,,,0.00610352807651381,,,,,,,,0.005372383081750448,0.005076887017653627,0.00610352807651381
2020-06-03 22:29:00,,,0.005372383081750448,,0.0057502198951101206,,,0.007185380083869976,,,,,,,,0.005372383081750448,0.0057502198951101206,0.007185380083869976
2020-06-03 22:29:20,,,0.006398940865856258,,0.0061787097066117996,,,0.007185380083869976,,,,,,,,0.006398940865856258,0.0061787097066117996,0.007185380083869976
2020-06-03 22:29:40,,,0.006398940865856258,,0.0061787097066117996,,,0.007185380083869976,,,,,,,,0.006398940865856258,0.0061787097066117996,0.007185380083869976
2020-06-03 22:30:00,,,0.006398940865856258,,0.0061787097066117996,,,0.007653697065413261,,,,,,,,0.006398940865856258,0.0061787097066117996,0.007653697065413261
2020-06-03 22:30:20,,,0.007767968984170151,,0.007320725665628113,,,0.008132446366968075,,,,,,,,0.007767968984170151,0.007320725665628113,0.008132446366968075
2020-06-03 22:30:40,,,0.007767968984170151,,0.007320725665628113,,,0.008132446366968075,,,,,,,,0.007767968984170151,0.007320725665628113,0.008132446366968075
2020-06-03 22:31:00,,,0.007767968984170151,,0.00878783447446862,,,0.007694425670647047,,,,,,,,0.007767968984170151,0.00878783447446862,0.007694425670647047
2020-06-03 22:31:20,,,0.008630641792404248,,0.00878783447446862,,,0.009481549057910094,,,,,,,,0.008630641792404248,0.00878783447446862,0.009481549057910094
2020-06-03 22:31:40,,,0.009373652946235805,,0.00878783447446862,,,0.009481549057910094,,,,,,,,0.009373652946235805,0.00878783447446862,0.009481549057910094
2020-06-03 22:32:00,,,0.009373652946235805,,0.009871173149553856,,,0.010150455177369993,,,,,,,,0.009373652946235805,0.009871173149553856,0.010150455177369993
2020-06-03 22:32:20,,,0.0104101129187593,,0.009871173149553856,,,0.010150455177369993,,,,,,,,0.0104101129187593,0.009871173149553856,0.010150455177369993
2020-06-03 22:32:40,,,0.0104101129187593,,0.009871173149553856,,,0.010150455177369993,,,,,,,,0.0104101129187593,0.009871173149553856,0.010150455177369993
2020-06-03 22:33:00,,,0.0104101129187593,,0.01045295309103668,,,0.009416911400029837,,,,,,,,0.0104101129187593,0.01045295309103668,0.009416911400029837
2020-06-03 22:33:20,,,0.011185966498101049,,0.01045295309103668,,,0.010642071306223955,,,,,,,,0.011185966498101049,0.01045295309103668,0.010642071306223955
2020-06-03 22:33:40,,,0.011185966498101049,,0.01045295309103668,,,0.010642071306223955,,,,,,,,0.011185966498101049,0.01045295309103668,0.010642071306223955
2020-06-03 22:34:00,,,0.011185966498101049,,0.009350148983361752,,,0.010919152422180299,,,,,,,,0.011185966498101049,0.009350148983361752,0.010919152422180299
2020-06-03 22:34:20,,,0.011643861780406868,,0.010748631243160656,,,0.010919152422180299,,,,,,,,0.011643861780406868,0.010748631243160656,0.010919152422180299
2020-06-03 22:34:40,,,0.011643861780406868,,0.010748631243160656,,,0.010919152422180299,,,,,,,,0.011643861780406868,0.010748631243160656,0.010919152422180299
2020-06-03 22:35:00,,,0.011643861780406868,,0.010754476081882326,,,0.010999378985041592,,,,,,,,0.011643861780406868,0.010754476081882326,0.010999378985041592
2020-06-03 22:35:20,,,0.011523840779216622,,0.010619342176961715,,,0.010999378985041592,,,,,,,,0.011523840779216622,0.010619342176961715,0.010999378985041592
2020-06-03 22:35:40,,,0.011523840779216622,,0.010619342176961715,,,0.010999378985041592,,,,,,,,0.011523840779216622,0.010619342176961715,0.010999378985041592
2020-06-03 22:36:00,,,0.011523840779216622,,0.01050066742459021,,,0.010915061221026676,,,,,,,,0.011523840779216622,0.01050066742459021,0.010915061221026676
2020-06-03 22:36:20,,,0.011518445773032685,,0.010521398857152,,,0.010916985112032701,,,,,,,,0.011518445773032685,0.010521398857152,0.010916985112032701
2020-06-03 22:36:40,,,0.011518445773032685,,0.010521398857152,,,0.010916985112032701,,,,,,,,0.011518445773032685,0.010521398857152,0.010916985112032701
2020-06-03 22:37:00,,,0.011518445773032685,,0.01057507679966986,,,0.010929688747128723,,,,,,,,0.011518445773032685,0.01057507679966986,0.010929688747128723
2020-06-03 22:37:20,,,0.011467445712097075,,0.010489783430844474,,,0.010929688747128723,,,,,,,,0.011467445712097075,0.010489783430844474,0.010929688747128723
2020-06-03 22:37:40,,,0.011467445712097075,,0.010489783430844474,,,0.010929688747128723,,,,,,,,0.011467445712097075,0.010489783430844474,0.010929688747128723
2020-06-03 22:38:00,,,0.011467445712097075,,0.010444036230055718,,,0.010874562192723702,,,,,,,,0.011467445712097075,0.010444036230055718,0.010874562192723702
2020-06-03 22:38:20,,,0.011471625178016571,,0.010444036230055718,,,0.010912199677886153,,,,,,,,0.011471625178016571,0.010444036230055718,0.010912199677886153
2020-06-03 22:38:40,,,0.011698352494151205,,0.010444036230055718,,,0.010912199677886153,,,,,,,,0.011698352494151205,0.010444036230055718,0.010912199677886153
2020-06-03 22:39:00,,,0.011698352494151205,,0.010446082912297015,,,0.010895573594065974,,,,,,,,0.011698352494151205,0.010446082912297015,0.010895573594065974
2020-06-03 22:39:20,,,0.011477748183328576,,0.010366320125802263,,,0.010895573594065974,,,,,,,,0.011477748183328576,0.010366320125802263,0.010895573594065974
2020-06-03 22:39:40,,,0.011477748183328576,,0.010366320125802263,,,0.010895573594065974,,,,,,,,0.011477748183328576,0.010366320125802263,0.010895573594065974
2020-06-03 22:40:00,,,0.011477748183328576,,0.010566572571355976,,,0.010897895481854346,,,,,,,,0.011477748183328576,0.010566572571355976,0.010897895481854346
2020-06-03 22:40:20,,,0.011457898438018997,,0.010566572571355976,,,0.010897895481854346,,,,,,,,0.011457898438018997,0.010566572571355976,0.010897895481854346
2020-06-03 22:40:40,,,0.011457898438018997,,0.010566572571355976,,,0.010897895481854346,,,,,,,,0.011457898438018997,0.010566572571355976,0.010897895481854346
2020-06-03 22:41:00,,,0.011457898438018997,,0.010566572571355978,,,0.010903880987899172,,,,,,,,0.011457898438018997,0.010566572571355978,0.010903880987899172
2020-06-03 22:41:20,,,0.01143069650174955,,0.010490398678229363,,,0.010903880987899172,,,,,,,,0.01143069650174955,0.010490398678229363,0.010903880987899172
2020-06-03 22:41:40,,,0.01143069650174955,,0.010490398678229363,,,0.010903880987899172,,,,,,,,0.01143069650174955,0.010490398678229363,0.010903880987899172
2020-06-03 22:42:00,,,0.01143069650174955,,0.010490398678229363,,,0.010853286636384376,,,,,,,,0.01143069650174955,0.010490398678229363,0.010853286636384376
2020-06-03 22:42:20,,,0.008349218177777772,,0.010411890750349113,,,0.010853286636384376,,,,,,,,0.008349218177777772,0.010411890750349113,0.010853286636384376
2020-06-03 22:42:40,,,0.01139532549022872,,0.010411890750349113,,,0.010853286636384376,,,,,,,,0.01139532549022872,0.010411890750349113,0.010853286636384376
2020-06-03 22:43:00,,,0.01139532549022872,,0.010399044219590044,,,0.010584725102548315,,,,,,,,0.01139532549022872,0.010399044219590044,0.010584725102548315
2020-06-03 22:43:20,,,0.011307792898035235,,0.010484082213300053,,,0.010584725102548315,,,,,,,,0.011307792898035235,0.010484082213300053,0.010584725102548315
2020-06-03 22:43:40,,,0.011353161705421768,,0.010484082213300053,,,0.010584725102548315,,,,,,,,0.011353161705421768,0.010484082213300053,0.010584725102548315
2020-06-03 22:44:00,,,0.011353161705421768,,0.01019434448760083,,,0.01056466892035572,,,,,,,,0.011353161705421768,0.01019434448760083,0.01056466892035572
2020-06-03 22:44:20,,,0.011343092615959859,,0.010339258361603262,,,0.010525284996640193,,,,,,,,0.011343092615959859,0.010339258361603262,0.010525284996640193
2020-06-03 22:44:40,,,0.011343092615959859,,0.010339258361603262,,,0.010525284996640193,,,,,,,,0.011343092615959859,0.010339258361603262,0.010525284996640193
2020-06-03 22:45:00,,,0.011343092615959859,,0.010459921521371065,,,0.010531102954872577,,,,,,,,0.011343092615959859,0.010459921521371065,0.010531102954872577
2020-06-03 22:45:20,,,0.011489381221781225,,0.010459921521371065,,,0.010531102954872577,,,,,,,,0.011489381221781225,0.010459921521371065,0.010531102954872577
2020-06-03 22:45:40,,,0.011489381221781225,,0.010459921521371065,,,0.010531102954872577,,,,,,,,0.011489381221781225,0.010459921521371065,0.010531102954872577
2020-06-03 22:46:00,,,0.011489381221781225,,0.01038392822609627,,,0.010540930988211544,,,,,,,,0.011489381221781225,0.01038392822609627,0.010540930988211544
2020-06-03 22:46:20,,,0.008337276346666663,,0.010507711378283005,,,0.010744572101279251,,,,,,,,0.008337276346666663,0.010507711378283005,0.010744572101279251
2020-06-03 22:46:40,,,0.011374707782251943,,0.010507711378283005,,,0.010744572101279251,,,,,,,,0.011374707782251943,0.010507711378283005,0.010744572101279251
2020-06-03 22:47:00,,,0.011374707782251943,,0.010507711378283005,,,0.010751526019241332,,,,,,,,0.011374707782251943,0.010507711378283005,0.010751526019241332
2020-06-03 22:47:20,,,0.011324025690159027,,0.010501291357973074,,,0.010751526019241332,,,,,,,,0.011324025690159027,0.010501291357973074,0.010751526019241332
2020-06-03 22:47:40,,,0.011413908967704731,,0.010501291357973074,,,0.010751526019241332,,,,,,,,0.011413908967704731,0.010501291357973074,0.010751526019241332
2020-06-03 22:48:00,,,0.011413908967704731,,0.010501291357973074,,,0.00957665946667511,,,,,,,,0.011413908967704731,0.010501291357973074,0.00957665946667511
2020-06-03 22:48:20,,,0.011495194729537736,,0.010468473072431605,,,0.010810558608671157,,,,,,,,0.011495194729537736,0.010468473072431605,0.010810558608671157
2020-06-03 22:48:40,,,0.01141585338761338,,0.010468473072431605,,,0.010810558608671157,,,,,,,,0.01141585338761338,0.010468473072431605,0.010810558608671157
2020-06-03 22:49:00,,,0.01141585338761338,,0.010468473072431605,,,0.009307404486928475,,,,,,,,0.01141585338761338,0.010468473072431605,0.009307404486928475
2020-06-03 22:49:20,,,0.011379438942282443,,0.010422447649790598,,,0.010799700792615885,,,,,,,,0.011379438942282443,0.010422447649790598,0.010799700792615885
2020-06-03 22:49:40,,,0.011615547985649448,,0.010422447649790598,,,0.010799700792615885,,,,,,,,0.011615547985649448,0.010422447649790598,0.010799700792615885
2020-06-03 22:50:00,,,0.011615547985649448,,0.01052984640864434,,,0.010932305546342835,,,,,,,,0.011615547985649448,0.01052984640864434,0.010932305546342835
2020-06-03 22:50:20,,,0.011429010456720677,,0.010510568721934017,,,0.010932305546342835,,,,,,,,0.011429010456720677,0.010510568721934017,0.010932305546342835
2020-06-03 22:50:40,,,0.011429010456720677,,0.010510568721934017,,,0.010932305546342834,,,,,,,,0.011429010456720677,0.010510568721934017,0.010932305546342834
2020-06-03 22:51:00,,,0.011429010456720677,,0.009209002893130935,,,0.010946792496093542,,,,,,,,0.011429010456720677,0.009209002893130935,0.010946792496093542
2020-06-03 22:51:20,,,0.01130235365685334,,0.010391826573266568,,,0.011000529944824996,,,,,,,,0.01130235365685334,0.010391826573266568,0.011000529944824996
2020-06-03 22:51:40,,,0.011347026017857727,,0.01039182657326657,,,0.011000529944824996,,,,,,,,0.011347026017857727,0.01039182657326657,0.011000529944824996
2020-06-03 22:52:00,,,0.011347026017857727,,0.008944911940482319,,,0.009555078290038379,,,,,,,,0.011347026017857727,0.008944911940482319,0.009555078290038379
2020-06-03 22:52:20,,,0.011361956853273307,,0.010621093645108898,,,0.011047286823098204,,,,,,,,0.011361956853273307,0.010621093645108898,0.011047286823098204
2020-06-03 22:52:40,,,0.011361956853273307,,0.010621093645108898,,,0.011047286823098204,,,,,,,,0.011361956853273307,0.010621093645108898,0.011047286823098204
2020-06-03 22:53:00,,,0.011361956853273307,,0.010616571922294385,,,0.01124614763135324,,,,,,,,0.011361956853273307,0.010616571922294385,0.01124614763135324
2020-06-03 22:53:20,,,0.011556072789903728,,0.01072729492317225,,,0.011114516940614052,,,,,,,,0.011556072789903728,0.01072729492317225,0.011114516940614052
2020-06-03 22:53:40,,,0.011347591121003397,,0.01072729492317225,,,0.011114516940614052,,,,,,,,0.011347591121003397,0.01072729492317225,0.011114516940614052
2020-06-03 22:54:00,,,0.011347591121003395,,0.00914765157896674,,,0.01115520244352062,,,,,,,,0.011347591121003395,0.00914765157896674,0.01115520244352062
2020-06-03 22:54:20,,,0.011262637126925322,,0.010620766720667474,,,0.010965837514245892,,,,,,,,0.011262637126925322,0.010620766720667474,0.010965837514245892
2020-06-03 22:54:40,,,0.011318922761712027,,0.010620766720667474,,,0.010965837514245892,,,,,,,,0.011318922761712027,0.010620766720667474,0.010965837514245892
2020-06-03 22:55:00,,,0.011318922761712027,,0.010620766720667474,,,0.010952629448050215,,,,,,,,0.011318922761712027,0.010620766720667474,0.010952629448050215
2020-06-03 22:55:20,,,0.011392185483468608,,0.010602185473416327,,,0.010876941488547079,,,,,,,,0.011392185483468608,0.010602185473416327,0.010876941488547079
2020-06-03 22:55:40,,,0.011392185483468608,,0.010602185473416327,,,0.010876941488547079,,,,,,,,0.011392185483468608,0.010602185473416327,0.010876941488547079
2020-06-03 22:56:00,,,0.011392185483468608,,0.010673544883361688,,,0.010838802231338159,,,,,,,,0.011392185483468608,0.010673544883361688,0.010838802231338159
2020-06-03 22:56:20,,,0.01138623004658848,,0.010673544883361688,,,0.010838802231338159,,,,,,,,0.01138623004658848,0.010673544883361688,0.010838802231338159
2020-06-03 22:56:40,,,0.01138623004658848,,0.010673544883361688,,,0.010838802231338159,,,,,,,,0.01138623004658848,0.010673544883361688,0.010838802231338159
2020-06-03 22:57:00,,,0.01138623004658848,,0.010526573663816641,,,0.010731054648148467,,,,,,,,0.01138623004658848,0.010526573663816641,0.010731054648148467
2020-06-03 22:57:20,,,0.01127338880934298,,0.010514116734408465,,,0.010732479352779907,,,,,,,,0.01127338880934298,0.010514116734408465,0.010732479352779907
2020-06-03 22:57:40,,,0.01127338880934298,,0.010514116734408465,,,0.010732479352779909,,,,,,,,0.01127338880934298,0.010514116734408465,0.010732479352779909
2020-06-03 22:58:00,,,0.01127338880934298,,0.01056436494245519,,,0.01082778512696904,,,,,,,,0.01127338880934298,0.01056436494245519,0.01082778512696904
2020-06-03 22:58:20,,,0.010046220281504788,,0.01056436494245519,,,0.01071400356801264,,,,,,,,0.010046220281504788,0.01056436494245519,0.01071400356801264
2020-06-03 22:58:40,,,0.01130024119045666,,0.01056436494245519,,,0.01071400356801264,,,,,,,,0.01130024119045666,0.01056436494245519,0.01071400356801264
2020-06-03 22:59:00,,,0.01130024119045666,,0.010492604925574914,,,0.010663600702138669,,,,,,,,0.01130024119045666,0.010492604925574914,0.010663600702138669
2020-06-03 22:59:20,,,0.011282997653906682,,0.010564412584957772,,,0.010663600702138669,,,,,,,,0.011282997653906682,0.010564412584957772,0.010663600702138669
2020-06-03 22:59:40,,,0.011282997653906682,,0.010564412584957772,,,0.010663600702138669,,,,,,,,0.011282997653906682,0.010564412584957772,0.010663600702138669
2020-06-03 23:00:00,,,0.01128299765390668,,0.010750227588876969,,,0.010663600702138669,,,,,,,,0.01128299765390668,0.010750227588876969,0.010663600702138669
2020-06-03 23:00:20,,,0.011307805601317953,,0.01048300278197314,,,0.010626331653915288,,,,,,,,0.011307805601317953,0.01048300278197314,0.010626331653915288
2020-06-03 23:00:40,,,0.01146852198701325,,0.01048300278197314,,,0.010626331653915288,,,,,,,,0.01146852198701325,0.01048300278197314,0.010626331653915288
2020-06-03 23:01:00,,,0.01146852198701325,,0.010490348411713705,,,0.01059093526797732,,,,,,,,0.01146852198701325,0.010490348411713705,0.01059093526797732
2020-06-03 23:01:20,,,0.011344552996794878,,0.010490348411713705,,,0.01059093526797732,,,,,,,,0.011344552996794878,0.010490348411713705,0.01059093526797732
2020-06-03 23:01:40,,,0.01119379983104031,,0.010490348411713705,,,0.01059093526797732,,,,,,,,0.01119379983104031,0.010490348411713705,0.01059093526797732
2020-06-03 23:02:00,,,0.01119379983104031,,0.010501381559335544,,,0.010635165657579352,,,,,,,,0.01119379983104031,0.010501381559335544,0.010635165657579352
2020-06-03 23:02:20,,,0.0112634326902288,,0.010501381559335544,,,0.010635165657579352,,,,,,,,0.0112634326902288,0.010501381559335544,0.010635165657579352
2020-06-03 23:02:40,,,0.0112634326902288,,0.010501381559335544,,,0.010635165657579352,,,,,,,,0.0112634326902288,0.010501381559335544,0.010635165657579352
2020-06-03 23:03:00,,,0.0112634326902288,,0.010543407459553551,,,0.01066102376741762,,,,,,,,0.0112634326902288,0.010543407459553551,0.01066102376741762
2020-06-03 23:03:20,,,0.011234316580202942,,0.010543407459553553,,,0.01066102376741762,,,,,,,,0.011234316580202942,0.010543407459553553,0.01066102376741762
2020-06-03 23:03:40,,,0.0112884650175006,,0.010543407459553553,,,0.01066102376741762,,,,,,,,0.0112884650175006,0.010543407459553553,0.01066102376741762
2020-06-03 23:04:00,,,0.011288465017500603,,0.010584953245611508,,,0.01067770568724796,,,,,,,,0.011288465017500603,0.010584953245611508,0.01067770568724796
2020-06-03 23:04:20,,,0.01132004808088422,,0.010584953245611508,,,0.010677705687247963,,,,,,,,0.01132004808088422,0.010584953245611508,0.010677705687247963
2020-06-03 23:04:40,,,0.01132004808088422,,0.010584953245611508,,,0.010677705687247963,,,,,,,,0.01132004808088422,0.010584953245611508,0.010677705687247963
2020-06-03 23:05:00,,,0.01132004808088422,,0.01068224836989487,,,0.010670275695157537,,,,,,,,0.01132004808088422,0.01068224836989487,0.010670275695157537
2020-06-03 23:05:20,,,0.011264131999337835,,0.01068224836989487,,,0.010789676096732653,,,,,,,,0.011264131999337835,0.01068224836989487,0.010789676096732653
2020-06-03 23:05:40,,,0.011406482819718615,,0.01068224836989487,,,0.010789676096732653,,,,,,,,0.011406482819718615,0.01068224836989487,0.010789676096732653
2020-06-03 23:06:00,,,0.011406482819718615,,0.010670006202587387,,,0.010711532574800169,,,,,,,,0.011406482819718615,0.010670006202587387,0.010711532574800169
2020-06-03 23:06:20,,,0.009920978540497262,,0.010670006202587387,,,0.010711532574800169,,,,,,,,0.009920978540497262,0.010670006202587387,0.010711532574800169
2020-06-03 23:06:40,,,0.011296678534668678,,0.010670006202587387,,,0.010711532574800169,,,,,,,,0.011296678534668678,0.010670006202587387,0.010711532574800169
2020-06-03 23:07:00,,,0.011296678534668678,,0.010757191294771123,,,0.010744628989879339,,,,,,,,0.011296678534668678,0.010757191294771123,0.010744628989879339
2020-06-03 23:07:20,,,0.011352114310497133,,0.010658658062681035,,,0.010744628989879339,,,,,,,,0.011352114310497133,0.010658658062681035,0.010744628989879339
2020-06-03 23:07:40,,,0.0115071342651095,,0.010658658062681035,,,0.010744628989879339,,,,,,,,0.0115071342651095,0.010658658062681035,0.010744628989879339
2020-06-03 23:08:00,,,0.0115071342651095,,0.010564881782189726,,,0.010719254781842404,,,,,,,,0.0115071342651095,0.010564881782189726,0.010719254781842404
2020-06-03 23:08:20,,,0.011304564673308856,,0.010564881782189726,,,0.010719254781842404,,,,,,,,0.011304564673308856,0.010564881782189726,0.010719254781842404
2020-06-03 23:08:40,,,0.011304564673308856,,0.010564881782189726,,,0.010719254781842404,,,,,,,,0.011304564673308856,0.010564881782189726,0.010719254781842404
2020-06-03 23:09:00,,,0.011304564673308856,,0.010326689068745912,,,0.010341924935462887,,,,,,,,0.011304564673308856,0.010326689068745912,0.010341924935462887
2020-06-03 23:09:20,,,0.010273180182116532,,0.010326689068745912,,,0.010341924935462887,,,,,,,,0.010273180182116532,0.010326689068745912,0.010341924935462887
2020-06-03 23:09:40,,,0.010273180182116532,,0.010326689068745912,,,0.010341924935462887,,,,,,,,0.010273180182116532,0.010326689068745912,0.010341924935462887
2020-06-03 23:10:00,,,0.010273180182116532,,0.009109121499436358,,,0.008127439619686814,,,,,,,,0.010273180182116532,0.009109121499436358,0.008127439619686814
2020-06-03 23:10:20,,,0.006689658150099779,,0.007611762780525386,,,0.008127439619686814,,,,,,,,0.006689658150099779,0.007611762780525386,0.008127439619686814
2020-06-03 23:10:40,,,0.0075783490383036145,,0.007611762780525386,,,0.008127439619686814,,,,,,,,0.0075783490383036145,0.007611762780525386,0.008127439619686814
2020-06-03 23:11:00,,,0.0075783490383036145,,0.0050344478999840596,,,0.0049528870856339075,,,,,,,,0.0075783490383036145,0.0050344478999840596,0.0049528870856339075
2020-06-03 23:11:20,,,0.005959825063662041,,0.0050344478999840596,,,0.0049528870856339075,,,,,,,,0.005959825063662041,0.0050344478999840596,0.0049528870856339075
2020-06-03 23:11:40,,,0.004344976616748186,,0.0050344478999840596,,,0.0049528870856339075,,,,,,,,0.004344976616748186,0.0050344478999840596,0.0049528870856339075
2020-06-03 23:12:00,,,0.004344976616748186,,0.004232540474168754,,,0.002573698642373023,,,,,,,,0.004344976616748186,0.004232540474168754,0.002573698642373023
2020-06-03 23:12:20,,,0.003740630198310834,,0.002409381695101717,,,0.002573698642373023,,,,,,,,0.003740630198310834,0.002409381695101717,0.002573698642373023
2020-06-03 23:12:40,,,0.0018997653008825356,,0.002409381695101717,,,0.002573698642373023,,,,,,,,0.0018997653008825356,0.002409381695101717,0.002573698642373023
2020-06-03 23:13:00,,,0.0018997653008825356,,0.00009993559174596662,,,0.00010284052473657485,,,,,,,,0.0018997653008825356,0.00009993559174596662,0.00010284052473657485
2020-06-03 23:13:20,,,0.00001939557647450254,,0.00009993559174596662,,,0.00010284052473657485,,,,,,,,0.00001939557647450254,0.00009993559174596662,0.00010284052473657485
2020-06-03 23:13:40,,,0.00001939557647450254,,0.00009993559174596662,,,0.00010284052473657485,,,,,,,,0.00001939557647450254,0.00009993559174596662,0.00010284052473657485
2020-06-03 23:14:00,,,0.00001939557647450254,,0.000019735305360078765,,,0.000014044194477239337,,,,,,,,0.00001939557647450254,0.000019735305360078765,0.000014044194477239337
2020-06-03 23:14:20,,,0.00002059277962012403,,0.000019735305360078765,,,0.000014044194477239337,,,,,,,,0.00002059277962012403,0.000019735305360078765,0.000014044194477239337
2020-06-03 23:14:40,,,0.00001718883781435812,,0.000019735305360078765,,,0.000014044194477239337,,,,,,,,0.00001718883781435812,0.000019735305360078765,0.000014044194477239337
2020-06-03 23:15:00,,,0.00001718883781435812,,0.000017085544585907792,,,0.000016494825664705522,,,,,,,,0.00001718883781435812,0.000017085544585907792,0.000016494825664705522
2020-06-03 23:15:20,,,0.000015535845922878037,,0.000016135605900027156,,,0.000016494825664705522,,,,,,,,0.000015535845922878037,0.000016135605900027156,0.000016494825664705522
2020-06-03 23:15:40,,,0.000015535845922878037,,0.000016135605900027156,,,0.000016494825664705522,,,,,,,,0.000015535845922878037,0.000016135605900027156,0.000016494825664705522
2020-06-03 23:16:00,,,0.000015535845922878037,,0.000017116893930661384,,,0.000014254499175755543,,,,,,,,0.000015535845922878037,0.000017116893930661384,0.000014254499175755543
2020-06-03 23:16:20,,,0.000015172691474602549,,0.000017116893930661384,,,0.000014254499175755543,,,,,,,,0.000015172691474602549,0.000017116893930661384,0.000014254499175755543
2020-06-03 23:16:40,,,0.000015172691474602549,,0.000017116893930661384,,,0.000014254499175755543,,,,,,,,0.000015172691474602549,0.000017116893930661384,0.000014254499175755543
2020-06-03 23:17:00,,,0.000015172691474602549,,0.000013493652770756734,,,0.000018282610751864602,,,,,,,,0.000015172691474602549,0.000013493652770756734,0.000018282610751864602
2020-06-03 23:17:20,,,0.000015405400526560823,,0.000015156895293835149,,,0.000018282610751864602,,,,,,,,0.000015405400526560823,0.000015156895293835149,0.000018282610751864602
2020-06-03 23:17:40,,,0.000013768266804795943,,0.000015156895293835149,,,0.000018282610751864602,,,,,,,,0.000013768266804795943,0.000015156895293835149,0.000018282610751864602
2020-06-03 23:18:00,,,0.000013768266804795943,,0.000016408162168431955,0.0009399087540594394,0.0009357939047362252,0.00001743984632401784,,,0.0009399087540594394,0.0009357939047362252,,,,0.000013768266804795943,0.000016408162168431955,0.00001743984632401784
2020-06-03 23:18:20,,0,0.00001627827371368179,,0.000016408162168431955,0.0011654163236922447,0.0011404219578565115,0.00001743984632401784,,0,0.0011654163236922447,0.0011404219578565115,,,,0.00001627827371368179,0.000016408162168431955,0.00001743984632401784
2020-06-03 23:18:40,,0,0.00001627827371368179,,0.000016408162168431955,0.00139092389332505,0.0013450500109767982,0.00001743984632401784,,0,0.00139092389332505,0.0013450500109767982,,,,0.00001627827371368179,0.000016408162168431955,0.00001743984632401784
2020-06-03 23:19:00,,0,0.00001627827371368179,,0.000014081348731352058,0.000873459278014073,0.0008486320850429341,0.000017381892960435702,,0,0.000873459278014073,0.0008486320850429341,,,,0.00001627827371368179,0.000014081348731352058,0.000017381892960435702
2020-06-03 23:19:20,0.0006193632978222327,0.00002273139458823001,0.00001425763124976033,,0.00001695738144330813,0.0009820949498713372,0.000942919145623081,0.0000186589878181595,,0.00002273139458823001,0.0009820949498713372,0.000942919145623081,0.0006193632978222327,,,0.00001425763124976033,0.00001695738144330813,0.0000186589878181595
2020-06-03 23:19:40,0.000765744026229041,0.000025866591788135534,0.000014525195964153571,,0.00001695738144330813,0.0010907306217286012,0.0010372062062032278,0.0000186589878181595,,0.000025866591788135534,0.0010907306217286012,0.0010372062062032278,0.000765744026229041,,,0.000014525195964153571,0.00001695738144330813,0.0000186589878181595
2020-06-03 23:20:00,0.0009121247546358493,0.00002900178898804106,0.000014525195964153571,,0.00001695738144330813,0.0008918518725644105,0.0011314932667833748,0.000020391535118406666,0.00002636786950630275,0.00002900178898804106,0.0008918518725644105,0.0011314932667833748,0.0009121247546358493,,0.00002636786950630275,0.000014525195964153571,0.00001695738144330813,0.000020391535118406666
2020-06-03 23:20:20,0.0006294262610840898,0.000025550995000000047,0.00001551845865702715,0.000023486514735035576,0.00001615454954990167,0.00096762343291107,0.0007554145053232737,0.000020391535118406666,0.00003099632875717652,0.000025550995000000047,0.00096762343291107,0.0007554145053232737,0.0006294262610840898,0.000023486514735035576,0.00003099632875717652,0.00001551845865702715,0.00001615454954990167,0.000020391535118406666
2020-06-03 23:20:40,0.0007078238123064397,0.000024211995842848883,0.000015518458657027146,0.00002720114847300125,0.00001615454954990167,0.0010433949932577293,0.0008187558351098501,0.000020391535118406666,0.00003562478800805029,0.000024211995842848883,0.0010433949932577293,0.0008187558351098501,0.0007078238123064397,0.00002720114847300125,0.00003562478800805029,0.000015518458657027146,0.00001615454954990167,0.000020391535118406666
2020-06-03 23:21:00,0.0007862213635287898,0.00002633941949500723,0.000015518458657027146,0.000027214634839803238,0.000014035290459430122,0.0008615157839287017,0.0007311652830953104,0.000015051436469475322,0.000025925051710260463,0.00002633941949500723,0.0008615157839287017,0.0007311652830953104,0.0007862213635287898,0.000027214634839803238,0.000025925051710260463,0.000015518458657027146,0.000014035290459430122,0.000015051436469475322
2020-06-03 23:21:20,0.0008646189147511398,0.00008742820882151453,0.000015686574549575978,0.000030586110379064234,0.000014035290459430122,0.0008615157839287017,0.0007311652830953104,0.000020340220258856352,0.00002901144087550969,0.00008742820882151453,0.0008615157839287017,0.0007311652830953104,0.0008646189147511398,0.000030586110379064234,0.00002901144087550969,0.000015686574549575978,0.000014035290459430122,0.000020340220258856352
2020-06-03 23:21:40,0.0006683853715444421,0.00008742820882151453,0.000015686574549575978,0.000033957585918325224,0.000014035290459430124,0.0008615157839287016,0.0007311652830953104,0.000020340220258856352,0.00003209783004075891,0.00008742820882151453,0.0008615157839287016,0.0007311652830953104,0.0006683853715444421,0.000033957585918325224,0.00003209783004075891,0.000015686574549575978,0.000014035290459430124,0.000020340220258856352
2020-06-03 23:22:00,0.0007201495752652965,0.00008742820882151453,0.000015686574549575975,0.00008809075697287066,0.000014035290459430124,0.0000380044735793566,0.000039292387890968385,0.00002164953131147163,0.000029626662896456315,0.00008742820882151453,0.0000380044735793566,0.000039292387890968385,0.0007201495752652965,0.00008809075697287066,0.000029626662896456315,0.000015686574549575975,0.000014035290459430124,0.00002164953131147163
2020-06-03 23:22:20,0.0006038338256986069,0.00007574093147021285,0.00001565241063678892,0.00009604051664770588,0.000014264269653900049,0.00003547825760865279,0.000039292387890968385,0.00002164953131147163,0.00003222711635758977,0.00007574093147021285,0.00003547825760865279,0.000039292387890968385,0.0006038338256986069,0.00009604051664770588,0.00003222711635758977,0.00001565241063678892,0.000014264269653900049,0.00002164953131147163
2020-06-03 23:22:40,0.0006038338256986069,0.00009219950179018466,0.00001565241063678892,0.00010399027632254109,0.000014264269653900049,0.00003547825760865279,0.000039292387890968385,0.00002164953131147163,0.000039006801917001816,0.00009219950179018466,0.00003547825760865279,0.000039292387890968385,0.0006038338256986069,0.00010399027632254109,0.000039006801917001816,0.00001565241063678892,0.000014264269653900049,0.00002164953131147163
2020-06-03 23:23:00,0.0006038338256986069,0.00009219950179018466,0.000015652410636788917,0.00009490343552937432,0.000013671131738320551,0.00002708876070653932,0.00004443727097936774,0.000016124333333335824,0.000039109457745517164,0.00009219950179018466,0.00002708876070653932,0.00004443727097936774,0.0006038338256986069,0.00009490343552937432,0.000039109457745517164,0.000015652410636788917,0.000013671131738320551,0.000016124333333335824
2020-06-03 23:23:20,0.000051294043825030106,0.0000730320266842206,0.000014265115555566075,0.00009490343552937432,0.000015431542858149693,0.000023334133484517677,0.00004443727097936774,0.00002102082622906947,0.000039109457745517164,0.0000730320266842206,0.000023334133484517677,0.00004443727097936774,0.000051294043825030106,0.00009490343552937432,0.000039109457745517164,0.000014265115555566075,0.000015431542858149693,0.00002102082622906947
2020-06-03 23:23:40,0.00004373617608618644,0.0000730320266842206,0.000014331584180752438,0.00009490343552937432,0.000015431542858149693,0.000023334133484517677,0.00004443727097936774,0.00002102082622906947,0.000039109457745517164,0.0000730320266842206,0.000023334133484517677,0.00004443727097936774,0.00004373617608618644,0.00009490343552937432,0.000039109457745517164,0.000014331584180752438,0.000015431542858149693,0.00002102082622906947
2020-06-03 23:24:00,0.00004373617608618644,0.0000730320266842206,0.000014331584180752438,0.00008417879653028008,0.00001580783916681083,0.000017895694889372586,0.000027442532135037676,0.00002166906804841629,0.00002762075032538961,0.0000730320266842206,0.000017895694889372586,0.000027442532135037676,0.00004373617608618644,0.00008417879653028008,0.00002762075032538961,0.000014331584180752438,0.00001580783916681083,0.00002166906804841629
2020-06-03 23:24:20,0.000025646819558632623,0.00008025837114037786,0.000014876009455086958,0.00008417879653028008,0.000016683152880411777,0.000017895694889372586,0.000027442532135037676,0.00002156041764190019,0.00002762075032538961,0.00008025837114037786,0.000017895694889372586,0.000027442532135037676,0.000025646819558632623,0.00008417879653028008,0.00002762075032538961,0.000014876009455086958,0.000016683152880411777,0.00002156041764190019
2020-06-03 23:24:40,0.000025646819558632623,0.00008025837114037786,0.000012989404994603736,0.00008417879653028008,0.000016683152880411777,0.000017895694889372586,0.000027442532135037676,0.00002156041764190019,0.00002762075032538961,0.00008025837114037786,0.000017895694889372586,0.000027442532135037676,0.000025646819558632623,0.00008417879653028008,0.00002762075032538961,0.000012989404994603736,0.000016683152880411777,0.00002156041764190019
2020-06-03 23:25:00,0.000025646819558632623,0.00008025837114037786,0.000012989404994603736,0.00008417879653028008,0.000016917350312234794,0.00001560015178505529,0.00002346427972652838,0.000018224447637095336,0.000029871591922601536,0.00008025837114037786,0.00001560015178505529,0.00002346427972652838,0.000025646819558632623,0.00008417879653028008,0.000029871591922601536,0.000012989404994603736,0.000016917350312234794,0.000018224447637095336
2020-06-03 23:25:20,0.000022805113949233495,0.00006645505462568,0.000012248436935487273,0.00007643684531084252,0.000020120570911341677,0.000017357952711267858,0.00002799860246315867,0.000018224447637095336,0.000029871591922601536,0.00006645505462568,0.000017357952711267858,0.00002799860246315867,0.000022805113949233495,0.00007643684531084252,0.000029871591922601536,0.000012248436935487273,0.000020120570911341677,0.000018224447637095336
2020-06-03 23:25:40,0.000022805113949233495,0.00002154298443903818,0.000012248436935487273,0.00007643684531084251,0.000020120570911341677,0.000017357952711267858,0.00002799860246315867,0.000018224447637095336,0.000029871591922601536,0.00002154298443903818,0.000017357952711267858,0.00002799860246315867,0.000022805113949233495,0.00007643684531084251,0.000029871591922601536,0.000012248436935487273,0.000020120570911341677,0.000018224447637095336
2020-06-03 23:26:00,0.000022805113949233495,0.00002154298443903818,0.000012248436935487273,0.00001600916935027899,0.00003618098548998598,0.000016410798570668607,0.0000187534161490685,0.00001789760171174989,0.000031710803371114173,0.00002154298443903818,0.000016410798570668607,0.0000187534161490685,0.000022805113949233495,0.00001600916935027899,0.000031710803371114173,0.000012248436935487273,0.00003618098548998598,0.00001789760171174989
2020-06-03 23:26:20,0.00003186223536104675,0.000013644397376113463,0.000012515958842089934,0.00001600916935027899,0.00003618098548998598,0.000018604027355623002,0.0000187534161490685,0.000018826237996381082,0.00004164752546330979,0.000013644397376113463,0.000018604027355623002,0.0000187534161490685,0.00003186223536104675,0.00001600916935027899,0.00004164752546330979,0.000012515958842089934,0.00003618098548998598,0.000018826237996381082
2020-06-03 23:26:40,0.00003149109453174476,0.00003947541186314225,0.000012515958842089934,0.000016009169350278987,0.00003618098548998598,0.000018604027355623002,0.0000187534161490685,0.000018826237996381082,0.00004164752546330979,0.00003947541186314225,0.000018604027355623002,0.0000187534161490685,0.00003149109453174476,0.000016009169350278987,0.00004164752546330979,0.000012515958842089934,0.00003618098548998598,0.000018826237996381082
2020-06-03 23:27:00,0.00003149109453174476,0.00003947541186314225,0.000012515958842089934,0.000016688042871776062,0.00003247869389989399,0.000015643336068415964,0.000042162928834021,0.0000165120848177155,0.00004289706729775262,0.00003947541186314225,0.000015643336068415964,0.000042162928834021,0.00003149109453174476,0.000016688042871776062,0.00004289706729775262,0.000012515958842089934,0.00003247869389989399,0.0000165120848177155
2020-06-03 23:27:20,0.00003469663464923649,0.00003951353216057436,0.000016750683762517828,0.000016688042871776062,0.00003363849905779343,0.00001674664420130919,0.000042162928834021,0.0000165120848177155,0.00004289706729775262,0.00003951353216057436,0.00001674664420130919,0.000042162928834021,0.00003469663464923649,0.000016688042871776062,0.00004289706729775262,0.000016750683762517828,0.00003363849905779343,0.0000165120848177155
2020-06-03 23:27:40,0.00003916181595178961,0.00003951353216057436,0.000016750683762517828,0.000016688042871776062,0.00003363849905779343,0.000016746644201309188,0.000042162928834021,0.0000165120848177155,0.00004289706729775262,0.00003951353216057436,0.000016746644201309188,0.000042162928834021,0.00003916181595178961,0.000016688042871776062,0.00004289706729775262,0.000016750683762517828,0.00003363849905779343,0.0000165120848177155
2020-06-03 23:28:00,0.00003916181595178961,0.00003951353216057436,0.000016750683762517828,0.000027174276018297436,0.000033707180833219785,0.000027054540631228813,0.000041521848293370435,0.000016408321226993487,0.00003887502132326073,0.00003951353216057436,0.000027054540631228813,0.000041521848293370435,0.00003916181595178961,0.000027174276018297436,0.00003887502132326073,0.000016750683762517828,0.000033707180833219785,0.000016408321226993487
2020-06-03 23:28:20,0.00003374543331792872,0.000046282717065272254,0.00001629054189300863,0.000027174276018297436,0.00003243802065844736,0.0000283181632653062,0.000041521848293370435,0.000014767720302634593,0.00003887502132326073,0.000046282717065272254,0.0000283181632653062,0.000041521848293370435,0.00003374543331792872,0.000027174276018297436,0.00003887502132326073,0.00001629054189300863,0.00003243802065844736,0.000014767720302634593
2020-06-03 23:28:40,0.000036751267388746664,0.00004580999400030589,0.00001603799762255579,0.000027174276018297436,0.00003243802065844736,0.0000283181632653062,0.000041521848293370435,0.000014767720302634593,0.00003887502132326073,0.00004580999400030589,0.0000283181632653062,0.000041521848293370435,0.000036751267388746664,0.000027174276018297436,0.00003887502132326073,0.00001603799762255579,0.00003243802065844736,0.000014767720302634593
2020-06-03 23:29:00,0.000036751267388746664,0.00004580999400030589,0.00001603799762255579,0.000037844926630741484,0.000030891230700291843,0.000021927799999999933,0.00004885023748711764,0.000014714011007235962,0.00004081050964323671,0.00004580999400030589,0.000021927799999999933,0.00004885023748711764,0.000036751267388746664,0.000037844926630741484,0.00004081050964323671,0.00001603799762255579,0.000030891230700291843,0.000014714011007235962
2020-06-03 23:29:20,0.00003593801331720103,0.000050007162471685496,0.00001618647223218848,0.000037844926630741484,0.000030891230700291843,0.00003515542922873027,0.00003868096010083647,0.00001683918489911962,0.00004081050964323671,0.000050007162471685496,0.00003515542922873027,0.00003868096010083647,0.00003593801331720103,0.000037844926630741484,0.00004081050964323671,0.00001618647223218848,0.000030891230700291843,0.00001683918489911962
2020-06-03 23:29:40,0.00003593801331720103,0.000050007162471685496,0.00001618647223218848,0.000037844926630741484,0.000030891230700291843,0.00003515542922873027,0.00003868096010083647,0.00001683918489911962,0.00004081050964323671,0.000050007162471685496,0.00003515542922873027,0.00003868096010083647,0.00003593801331720103,0.000037844926630741484,0.00004081050964323671,0.00001618647223218848,0.000030891230700291843,0.00001683918489911962
2020-06-03 23:30:00,0.00003593801331720103,0.0000500071624716855,0.00001618647223218848,0.000036101148382992924,0.000015760591319316064,0.000033752259046376626,0.00003996676585758674,0.000017767986188190048,0.000027500892735405007,0.0000500071624716855,0.000033752259046376626,0.00003996676585758674,0.00003593801331720103,0.000036101148382992924,0.000027500892735405007,0.00001618647223218848,0.000015760591319316064,0.000017767986188190048
2020-06-03 23:30:20,0.000029989503588892694,0.000025465186505963506,0.000013508263864649023,0.000041269651812762247,0.000015760591319316064,0.00003656609524886154,0.00004690371440692545,0.000017767986188190048,0.00003114450086893735,0.000025465186505963506,0.00003656609524886154,0.00004690371440692545,0.000029989503588892694,0.000041269651812762247,0.00003114450086893735,0.000013508263864649023,0.000015760591319316064,0.000017767986188190048
2020-06-03 23:30:40,0.000029989503588892694,0.000027013941834156872,0.000013508263864649026,0.000041269651812762247,0.000015760591319316064,0.00003656609524886154,0.00004690371440692545,0.000017767986188190048,0.00003114450086893735,0.000027013941834156872,0.00003656609524886154,0.00004690371440692545,0.000029989503588892694,0.000041269651812762247,0.00003114450086893735,0.000013508263864649026,0.000015760591319316064,0.000017767986188190048
2020-06-03 23:31:00,0.000029989503588892694,0.000027013941834156872,0.000013508263864649026,0.000047166115894296054,0.00001677007590565599,0.00004809017881430737,0.000023020300088261203,0.000019472917144828507,0.00002616302879307835,0.000027013941834156872,0.00004809017881430737,0.000023020300088261203,0.000029989503588892694,0.000047166115894296054,0.00002616302879307835,0.000013508263864649026,0.00001677007590565599,0.000019472917144828507
2020-06-03 23:31:20,0.000030140157938084387,0.000024348239988308504,0.00000999776634546945,0.00005330579299953179,0.00001677007590565599,0.000050078990591003766,0.000023020300088261203,0.000019472917144828507,0.00003172854171918324,0.000024348239988308504,0.000050078990591003766,0.000023020300088261203,0.000030140157938084387,0.00005330579299953179,0.00003172854171918324,0.00000999776634546945,0.00001677007590565599,0.000019472917144828507
2020-06-03 23:31:40,0.000030140157938084387,0.000027332665079039495,0.000011995950807396134,0.00005330579299953179,0.00001677007590565599,0.000050078990591003766,0.000023020300088261203,0.000019472917144828507,0.00003172854171918324,0.000027332665079039495,0.000050078990591003766,0.000023020300088261203,0.000030140157938084387,0.00005330579299953179,0.00003172854171918324,0.000011995950807396134,0.00001677007590565599,0.000019472917144828507
2020-06-03 23:32:00,0.000030140157938084387,0.000027332665079039495,0.000011995950807396134,0.00005270461780554603,0.00001692080267960076,0.00004607073776610287,0.00001856900732638523,0.000018882078491598342,0.00003216522218584699,0.000027332665079039495,0.00004607073776610287,0.00001856900732638523,0.000030140157938084387,0.00005270461780554603,0.00003216522218584699,0.000011995950807396134,0.00001692080267960076,0.000018882078491598342
2020-06-03 23:32:20,0.000029768525906348167,0.000023434158733461592,0.000014850010169216753,0.00004644788543739042,0.00001692080267960076,0.00004607073776610287,0.00001856900732638523,0.000018882078491598342,0.00003216522218584699,0.000023434158733461592,0.00004607073776610287,0.00001856900732638523,0.000029768525906348167,0.00004644788543739042,0.00003216522218584699,0.000014850010169216753,0.00001692080267960076,0.000018882078491598342
2020-06-03 23:32:40,0.000029768525906348167,0.000023434158733461592,0.000014850010169216753,0.00004644788543739042,0.00001692080267960076,0.00004607073776610287,0.00001856900732638523,0.000018882078491598342,0.00003216522218584699,0.000023434158733461592,0.00004607073776610287,0.00001856900732638523,0.000029768525906348167,0.00004644788543739042,0.00003216522218584699,0.000014850010169216753,0.00001692080267960076,0.000018882078491598342
2020-06-03 23:33:00,0.000029768525906348167,0.000023434158733461592,0.000014850010169216753,0.000040183041348389154,0.000015926025042882796,0.00003769969842415989,0.000018237682589481342,0.000017429531042582584,0.000026970681091434442,0.000023434158733461592,0.00003769969842415989,0.000018237682589481342,0.000029768525906348167,0.000040183041348389154,0.000026970681091434442,0.000014850010169216753,0.000015926025042882796,0.000017429531042582584
2020-06-03 23:33:20,0.000032919329139729124,0.000045610680602704185,0.000014964514107874684,0.000040183041348389154,0.00001770316260291633,0.00003769969842415989,0.00001823768258948134,0.00001839996332523175,0.000026970681091434442,0.000045610680602704185,0.00003769969842415989,0.00001823768258948134,0.000032919329139729124,0.000040183041348389154,0.000026970681091434442,0.000014964514107874684,0.00001770316260291633,0.00001839996332523175
2020-06-03 23:33:40,0.000032919329139729124,0.00004873236072767304,0.00001295355177693572,0.000040183041348389154,0.00001770316260291633,0.00003769969842415989,0.00001823768258948134,0.00001839996332523175,0.000026970681091434442,0.00004873236072767304,0.00003769969842415989,0.00001823768258948134,0.000032919329139729124,0.000040183041348389154,0.000026970681091434442,0.00001295355177693572,0.00001770316260291633,0.00001839996332523175
2020-06-03 23:34:00,0.000032919329139729124,0.00004873236072767304,0.00001295355177693572,0.00003884930981595086,0.00001440393977604313,0.00003367077960002948,0.00001710094124948269,0.00001839996332523175,0.00002224566489115417,0.00004873236072767304,0.00003367077960002948,0.00001710094124948269,0.000032919329139729124,0.00003884930981595086,0.00002224566489115417,0.00001295355177693572,0.00001440393977604313,0.00001839996332523175
2020-06-03 23:34:20,0.000027168619335219856,0.000060239498644986444,0.000014651751811118242,0.00003884930981595086,0.00001440393977604313,0.00003503527836643503,0.000011266332343870135,0.000018015934975203883,0.00002224566489115417,0.000060239498644986444,0.00003503527836643503,0.000011266332343870135,0.000027168619335219856,0.00003884930981595086,0.00002224566489115417,0.000014651751811118242,0.00001440393977604313,0.000018015934975203883
2020-06-03 23:34:40,0.000027168619335219856,0.00006736659449767851,0.000015019070982342786,0.00003884930981595086,0.00001440393977604313,0.00003503527836643503,0.000011266332343870135,0.000018015934975203883,0.00002224566489115417,0.00006736659449767851,0.00003503527836643503,0.000011266332343870135,0.000027168619335219856,0.00003884930981595086,0.00002224566489115417,0.000015019070982342786,0.00001440393977604313,0.000018015934975203883
2020-06-03 23:35:00,0.000027168619335219856,0.00006736659449767851,0.000015019070982342786,0.000051651467487122774,0.000016621583452039194,0.00002741993026640295,0.000011860398713826292,0.000017966759990345623,0.000012221786506115498,0.00006736659449767851,0.00002741993026640295,0.000011860398713826292,0.000027168619335219856,0.000051651467487122774,0.000012221786506115498,0.000015019070982342786,0.000016621583452039194,0.000017966759990345623
2020-06-03 23:35:20,0.000016649711184457922,0.00006736659449767851,0.000016167048778997043,0.000051651467487122774,0.000016621583452039194,0.00003104706875511217,0.000011860398713826292,0.00001965562558940592,0.000011386678045835843,0.00006736659449767851,0.00003104706875511217,0.000011860398713826292,0.000016649711184457922,0.000051651467487122774,0.000011386678045835843,0.000016167048778997043,0.000016621583452039194,0.00001965562558940592
2020-06-03 23:35:40,0.00005254722942913142,0.00006762919372403504,0.000014612220289552533,0.000051651467487122774,0.000016621583452039194,0.000031047068755112175,0.000011860398713826292,0.00001965562558940592,0.000011386678045835843,0.00006762919372403504,0.000031047068755112175,0.000011860398713826292,0.00005254722942913142,0.000051651467487122774,0.000011386678045835843,0.000014612220289552533,0.000016621583452039194,0.00001965562558940592
2020-06-03 23:36:00,0.00005254722942913142,0.00006762919372403504,0.000014612220289552533,0.00004966434467816687,0.00001577460962054435,0.00002699303307102016,0.000018960321772773416,0.000021528580180798584,0.000011386678045835843,0.00006762919372403504,0.00002699303307102016,0.000018960321772773416,0.00005254722942913142,0.00004966434467816687,0.000011386678045835843,0.000014612220289552533,0.00001577460962054435,0.000021528580180798584
2020-06-03 23:36:20,0.00005499826601642276,0.00007529892809327008,0.000014612220289552533,0.0000557398898968216,0.00001577460962054435,0.00004349147659439542,0.000018960321772773416,0.000021528580180798584,0.00004223300787376251,0.00007529892809327008,0.00004349147659439542,0.000018960321772773416,0.00005499826601642276,0.0000557398898968216,0.00004223300787376251,0.000014612220289552533,0.00001577460962054435,0.000021528580180798584
2020-06-03 23:36:40,0.00005499826601642276,0.00007529892809327008,0.000011040974761228942,0.0000557398898968216,0.00001577460962054435,0.00004349147659439541,0.000018960321772773416,0.000021528580180798584,0.00004223300787376251,0.00007529892809327008,0.00004349147659439541,0.000018960321772773416,0.00005499826601642276,0.0000557398898968216,0.00004223300787376251,0.000011040974761228942,0.00001577460962054435,0.000021528580180798584
2020-06-03 23:37:00,0.00005499826601642276,0.00007529892809327008,0.000011040974761228942,0.000059235779890973495,0.0000165281341783877,0.00005380391978024346,0.000022680145526632885,0.000021203549866467632,0.000047794728052434126,0.00007529892809327008,0.00005380391978024346,0.000022680145526632885,0.00005499826601642276,0.000059235779890973495,0.000047794728052434126,0.000011040974761228942,0.0000165281341783877,0.000021203549866467632
2020-06-03 23:37:20,0.00005144040036757132,0.000045149011803925605,0.000013754775000332072,0.00006505235762275583,0.0000165281341783877,0.000044830518127181285,0.00005296245139071978,0.000021203549866467632,0.000047794728052434126,0.000045149011803925605,0.000044830518127181285,0.00005296245139071978,0.00005144040036757132,0.00006505235762275583,0.000047794728052434126,0.000013754775000332072,0.0000165281341783877,0.000021203549866467632
2020-06-03 23:37:40,0.00005144040036757132,0.000045149011803925605,0.000013754775000332072,0.00006505235762275583,0.0000165281341783877,0.000044830518127181285,0.00005296245139071978,0.000021203549866467632,0.000047794728052434126,0.000045149011803925605,0.000044830518127181285,0.00005296245139071978,0.00005144040036757132,0.00006505235762275583,0.000047794728052434126,0.000013754775000332072,0.0000165281341783877,0.000021203549866467632
2020-06-03 23:38:00,0.00005144040036757132,0.000045149011803925605,0.000013754775000332072,0.00006646283625195917,0.00001698668974044185,0.00004381218641850617,0.000054266968177899924,0.00002243812202583301,0.00005770593594274791,0.000045149011803925605,0.00004381218641850617,0.000054266968177899924,0.00005144040036757132,0.00006646283625195917,0.00005770593594274791,0.000013754775000332072,0.00001698668974044185,0.00002243812202583301
2020-06-03 23:38:20,0.00005185424565404669,0.000029104684660341396,0.000011959794056257486,0.00006646283625195917,0.000017872908888524106,0.00004381218641850617,0.000054266968177899924,0.00002341258867072182,0.00004439709092360181,0.000029104684660341396,0.00004381218641850617,0.000054266968177899924,0.00005185424565404669,0.00006646283625195917,0.00004439709092360181,0.000011959794056257486,0.000017872908888524106,0.00002341258867072182
2020-06-03 23:38:40,0.00005185424565404669,0.000029104684660341396,0.000019759897931542335,0.00006646283625195917,0.000017872908888524106,0.00004381218641850617,0.000054266968177899924,0.00002341258867072182,0.00004439709092360181,0.000029104684660341396,0.00004381218641850617,0.000054266968177899924,0.00005185424565404669,0.00006646283625195917,0.00004439709092360181,0.000019759897931542335,0.000017872908888524106,0.00002341258867072182
2020-06-03 23:39:00,0.00005185424565404669,0.000029104684660341396,0.000019759897931542335,0.000040676131790637236,0.000014337180246230442,0.000037863604635499397,0.00006435259077054713,0.000021780993088776752,0.00005181661141820217,0.000029104684660341396,0.000037863604635499397,0.00006435259077054713,0.00005185424565404669,0.000040676131790637236,0.00005181661141820217,0.000019759897931542335,0.000014337180246230442,0.000021780993088776752
2020-06-03 23:39:20,0.000017071288774418918,0.000027217122615109818,0.000018802025198931036,0.000040676131790637236,0.000014337180246230442,0.000037863604635499397,0.000051407803755011357,0.000020932079441430534,0.00005181661141820217,0.000027217122615109818,0.000037863604635499397,0.000051407803755011357,0.000017071288774418918,0.000040676131790637236,0.00005181661141820217,0.000018802025198931036,0.000014337180246230442,0.000020932079441430534
2020-06-03 23:39:40,0.000019281458037760624,0.000028364614358368633,0.000021066311939967507,0.000040676131790637236,0.000014337180246230446,0.000037863604635499397,0.000051407803755011357,0.000020932079441430534,0.00005181661141820217,0.000028364614358368633,0.000037863604635499397,0.000051407803755011357,0.000019281458037760624,0.000040676131790637236,0.00005181661141820217,0.000021066311939967507,0.000014337180246230446,0.000020932079441430534
2020-06-03 23:40:00,0.000019281458037760624,0.000028364614358368633,0.000021066311939967507,0.000035731635286755,0.000012708210469470646,0.000014488312713759038,0.00005841078039790097,0.000020515529227859255,0.00004469844676931393,0.000028364614358368633,0.000014488312713759038,0.00005841078039790097,0.000019281458037760624,0.000035731635286755,0.00004469844676931393,0.000021066311939967507,0.000012708210469470646,0.000020515529227859255
2020-06-03 23:40:20,0.000018401342003273323,0.00002736669221696053,0.00001834310490600781,0.000035731635286755,0.000015247077936728765,0.000014488312713759038,0.000051295288927484635,0.000020335837608066888,0.000019374748837779763,0.00002736669221696053,0.000014488312713759038,0.000051295288927484635,0.000018401342003273323,0.000035731635286755,0.000019374748837779763,0.00001834310490600781,0.000015247077936728765,0.000020335837608066888
2020-06-03 23:40:40,0.00001865312070140778,0.000019754666825706565,0.00003349995006699742,0.000035731635286755,0.000015247077936728765,0.000014488312713759038,0.000051295288927484635,0.000020335837608066888,0.000019374748837779763,0.000019754666825706565,0.000014488312713759038,0.000051295288927484635,0.00001865312070140778,0.000035731635286755,0.000019374748837779763,0.00003349995006699742,0.000015247077936728765,0.000020335837608066888
2020-06-03 23:41:00,0.00001865312070140778,0.000019754666825706565,0.00003349995006699742,0.000022789406367301647,0.000024236640876907288,0.000012763617931516197,0.000020718859155953274,0.00001930732200370063,0.000022318590275343207,0.000019754666825706565,0.000012763617931516197,0.000020718859155953274,0.00001865312070140778,0.000022789406367301647,0.000022318590275343207,0.00003349995006699742,0.000024236640876907288,0.00001930732200370063
2020-06-03 23:41:20,0.000018724195925346658,0.000019984763969652477,0.000029371651928317686,0.000020593260104511034,0.000024236640876907288,0.000012168973238713339,0.000020718859155953274,0.00001930732200370063,0.000020902769568159842,0.000019984763969652477,0.000012168973238713339,0.000020718859155953274,0.000018724195925346658,0.000020593260104511034,0.000020902769568159842,0.000029371651928317686,0.000024236640876907288,0.00001930732200370063
2020-06-03 23:41:40,0.000022132069565500147,0.00003477339298780123,0.000031573175309921444,0.000020593260104511034,0.000024236640876907288,0.000012168973238713339,0.000020718859155953274,0.00001930732200370063,0.000020902769568159842,0.00003477339298780123,0.000012168973238713339,0.000020718859155953274,0.000022132069565500147,0.000020593260104511034,0.000020902769568159842,0.000031573175309921444,0.000024236640876907288,0.00001930732200370063
2020-06-03 23:42:00,0.000022132069565500147,0.00003477339298780123,0.000031573175309921444,0.000017176826603006085,0.000027730611078891377,0.000013061937163686785,0.000021775945737099667,0.00001582897551276872,0.000031776150987543806,0.00003477339298780123,0.000013061937163686785,0.000021775945737099667,0.000022132069565500147,0.000017176826603006085,0.000031776150987543806,0.000031573175309921444,0.000027730611078891377,0.00001582897551276872
2020-06-03 23:42:20,0.000023385110419482474,0.00003040673013974315,0.000026600848621731998,0.000017176826603006085,0.000027730611078891377,0.000013484601300641626,0.000022346142450817614,0.00001582897551276872,0.000031776150987543806,0.00003040673013974315,0.000013484601300641626,0.000022346142450817614,0.000023385110419482474,0.000017176826603006085,0.000031776150987543806,0.000026600848621731998,0.000027730611078891377,0.00001582897551276872
2020-06-03 23:42:40,0.000023385110419482474,0.00003040673013974315,0.000026600848621731998,0.000017176826603006085,0.000027730611078891377,0.000013484601300641626,0.000022346142450817614,0.00001582897551276872,0.000031776150987543806,0.00003040673013974315,0.000013484601300641626,0.000022346142450817614,0.000023385110419482474,0.000017176826603006085,0.000031776150987543806,0.000026600848621731998,0.000027730611078891377,0.00001582897551276872
2020-06-03 23:43:00,0.000023385110419482474,0.00003040673013974315,0.000026600848621731998,0.0000193051283668706,0.000027019479208042,0.00002718905046689743,0.00002030139709321468,0.000015538904220508903,0.000028053680819856343,0.00003040673013974315,0.00002718905046689743,0.00002030139709321468,0.000023385110419482474,0.0000193051283668706,0.000028053680819856343,0.000026600848621731998,0.000027019479208042,0.000015538904220508903
2020-06-03 23:43:20,0.000022412943244939337,0.00003406459925160765,0.000023575405196128705,0.0000193051283668706,0.0000289484450052054,0.00002718905046689743,0.00002030139709321468,0.000015538904220508903,0.000028774800011551802,0.00003406459925160765,0.00002718905046689743,0.00002030139709321468,0.000022412943244939337,0.0000193051283668706,0.000028774800011551802,0.000023575405196128705,0.0000289484450052054,0.000015538904220508903
2020-06-03 23:43:40,0.00002068339456563336,0.000029875318739177373,0.00002550153079589792,0.000019305128366870602,0.0000289484450052054,0.00002718905046689743,0.000020301397093214682,0.000015538904220508903,0.000028774800011551802,0.000029875318739177373,0.00002718905046689743,0.000020301397093214682,0.00002068339456563336,0.000019305128366870602,0.000028774800011551802,0.00002550153079589792,0.0000289484450052054,0.000015538904220508903
2020-06-03 23:44:00,0.00002068339456563336,0.000029875318739177373,0.00002550153079589792,0.000014418068680437553,0.00003406255494766523,0.00004118212830315509,0.000023305924693579582,0.000013403258344915168,0.00004246463491744456,0.000029875318739177373,0.00004118212830315509,0.000023305924693579582,0.00002068339456563336,0.000014418068680437553,0.00004246463491744456,0.00002550153079589792,0.00003406255494766523,0.000013403258344915168
2020-06-03 23:44:20,0.00003276545392948332,0.00003157523025941739,0.000013732382336802231,0.000027208218641008162,0.000029345029190987604,0.00004118212830315509,0.000021870964727470373,0.000013403258344915168,0.00004246463491744456,0.00003157523025941739,0.00004118212830315509,0.000021870964727470373,0.00003276545392948332,0.000027208218641008162,0.00004246463491744456,0.000013732382336802231,0.000029345029190987604,0.000013403258344915168
2020-06-03 23:44:40,0.00003276545392948332,0.00003157523025941739,0.00001550881677533951,0.000027208218641008162,0.000029345029190987604,0.00004118212830315509,0.000021870964727470373,0.000013403258344915168,0.00004246463491744456,0.00003157523025941739,0.00004118212830315509,0.000021870964727470373,0.00003276545392948332,0.000027208218641008162,0.00004246463491744456,0.00001550881677533951,0.000029345029190987604,0.000013403258344915168
2020-06-03 23:45:00,0.00003276545392948332,0.00003157523025941739,0.00001550881677533951,0.00002772048929663626,0.000029345029190987604,0.000046704102507066656,0.000018477319199863088,0.000013417706740345602,0.00004051169270615761,0.00003157523025941739,0.000046704102507066656,0.000018477319199863088,0.00003276545392948332,0.00002772048929663626,0.00004051169270615761,0.00001550881677533951,0.000029345029190987604,0.000013417706740345602
2020-06-03 23:45:20,0.0000242344102938562,0.000018180149267623956,0.000014328788034706538,0.00002772048929663626,0.000023173622992829735,0.0000443716324286499,0.000017897886226788418,0.000013417706740345602,0.00004051169270615761,0.000018180149267623956,0.0000443716324286499,0.000017897886226788418,0.0000242344102938562,0.00002772048929663626,0.00004051169270615761,0.000014328788034706538,0.000023173622992829735,0.000013417706740345602
2020-06-03 23:45:40,0.00002744086379455694,0.000018180149267623956,0.00001489765039116334,0.00002772048929663626,0.000023173622992829735,0.0000443716324286499,0.000017897886226788418,0.000013417706740345602,0.00004051169270615762,0.000018180149267623956,0.0000443716324286499,0.000017897886226788418,0.00002744086379455694,0.00002772048929663626,0.00004051169270615762,0.00001489765039116334,0.000023173622992829735,0.000013417706740345602
2020-06-03 23:46:00,0.00002744086379455694,0.000018180149267623956,0.00001489765039116334,0.000025572970565412736,0.00002134776457754736,0.00004034804222283332,0.000014758339369282991,0.000010443322612219943,0.00003449016525407657,0.000018180149267623956,0.00004034804222283332,0.000014758339369282991,0.00002744086379455694,0.000025572970565412736,0.00003449016525407657,0.00001489765039116334,0.00002134776457754736,0.000010443322612219943
2020-06-03 23:46:20,0.000024164984908455975,0.000018180149267623956,0.000012419461508219669,0.0000270358133527504,0.00002134776457754736,0.00004534406656087837,0.000014758339369282991,0.000010443322612219943,0.00003449016525407657,0.000018180149267623956,0.00004534406656087837,0.000014758339369282991,0.000024164984908455975,0.0000270358133527504,0.00003449016525407657,0.000012419461508219669,0.00002134776457754736,0.000010443322612219943

