"Time","tcss600users-5cc6c5d95d-svbrh","tcss600users-5cc6c5d95d-s9nk5","tcss600users-5cc6c5d95d-nk8rl","tcss600users-5cc6c5d95d-svbrh","tcss600users-5cc6c5d95d-s9nk5","tcss600users-5cc6c5d95d-nk8rl"
2020-06-03 20:46:20,,,,,,
2020-06-03 20:46:40,,,,,,
2020-06-03 20:47:00,,,,,,
2020-06-03 20:47:20,,,,,,
2020-06-03 20:47:40,,,,,,
2020-06-03 20:48:00,,,,,,
2020-06-03 20:48:20,,,,,,
2020-06-03 20:48:40,,,,,,
2020-06-03 20:49:00,,,,,,
2020-06-03 20:49:20,,,,,,
2020-06-03 20:49:40,,,,,,
2020-06-03 20:50:00,,,,,,
2020-06-03 20:50:20,,,,,,
2020-06-03 20:50:40,,,,,,
2020-06-03 20:51:00,,,,,,
2020-06-03 20:51:20,,,,,,
2020-06-03 20:51:40,,,,,,
2020-06-03 20:52:00,,,,,,
2020-06-03 20:52:20,,,,,,
2020-06-03 20:52:40,,,,,,
2020-06-03 20:53:00,,,,,,
2020-06-03 20:53:20,,,,,,
2020-06-03 20:53:40,,,,,,
2020-06-03 20:54:00,,,,,,
2020-06-03 20:54:20,,,,,,
2020-06-03 20:54:40,,,,,,
2020-06-03 20:55:00,,,,,,
2020-06-03 20:55:20,,,,,,
2020-06-03 20:55:40,,,,,,
2020-06-03 20:56:00,,,,,,
2020-06-03 20:56:20,,,,,,
2020-06-03 20:56:40,,,,,,
2020-06-03 20:57:00,,,,,,
2020-06-03 20:57:20,,,,,,
2020-06-03 20:57:40,,,,,,
2020-06-03 20:58:00,,,,,,
2020-06-03 20:58:20,,,,,,
2020-06-03 20:58:40,,,,,,
2020-06-03 20:59:00,,,,,,
2020-06-03 20:59:20,,,,,,
2020-06-03 20:59:40,,,,,,
2020-06-03 21:00:00,,,,,,
2020-06-03 21:00:20,,,,,,
2020-06-03 21:00:40,,,,,,
2020-06-03 21:01:00,,,,,,
2020-06-03 21:01:20,,,,,,
2020-06-03 21:01:40,,,,,,
2020-06-03 21:02:00,,,,,,
2020-06-03 21:02:20,,,,,,
2020-06-03 21:02:40,,,,,,
2020-06-03 21:03:00,,,,,,
2020-06-03 21:03:20,,,,,,
2020-06-03 21:03:40,,,,,,
2020-06-03 21:04:00,,,,,,
2020-06-03 21:04:20,,,,,,
2020-06-03 21:04:40,,,,,,
2020-06-03 21:05:00,,,,,,
2020-06-03 21:05:20,,,,,,
2020-06-03 21:05:40,,,,,,
2020-06-03 21:06:00,,,,,,
2020-06-03 21:06:20,,,,,,
2020-06-03 21:06:40,,,,,,
2020-06-03 21:07:00,,,,,,
2020-06-03 21:07:20,,,,,,
2020-06-03 21:07:40,,,,,,
2020-06-03 21:08:00,,,,,,
2020-06-03 21:08:20,,,,,,
2020-06-03 21:08:40,,,,,,
2020-06-03 21:09:00,,,,,,
2020-06-03 21:09:20,,,,,,
2020-06-03 21:09:40,,,,,,
2020-06-03 21:10:00,,,,,,
2020-06-03 21:10:20,,,,,,
2020-06-03 21:10:40,,,,,,
2020-06-03 21:11:00,,,,,,
2020-06-03 21:11:20,,,,,,
2020-06-03 21:11:40,,,,,,
2020-06-03 21:12:00,,,,,,
2020-06-03 21:12:20,,,,,,
2020-06-03 21:12:40,,,,,,
2020-06-03 21:13:00,,,,,,
2020-06-03 21:13:20,,,,,,
2020-06-03 21:13:40,,,,,,
2020-06-03 21:14:00,,,,,,
2020-06-03 21:14:20,,,,,,
2020-06-03 21:14:40,,,,,,
2020-06-03 21:15:00,,,,,,
2020-06-03 21:15:20,,,,,,
2020-06-03 21:15:40,,,,,,
2020-06-03 21:16:00,,,,,,
2020-06-03 21:16:20,,,,,,
2020-06-03 21:16:40,,,,,,
2020-06-03 21:17:00,,,,,,
2020-06-03 21:17:20,,,,,,
2020-06-03 21:17:40,,,,,,
2020-06-03 21:18:00,,,,,,
2020-06-03 21:18:20,,,,,,
2020-06-03 21:18:40,,,,,,
2020-06-03 21:19:00,,,,,,
2020-06-03 21:19:20,,,,,,
2020-06-03 21:19:40,,,,,,
2020-06-03 21:20:00,,,,,,
2020-06-03 21:20:20,,,,,,
2020-06-03 21:20:40,,,,,,
2020-06-03 21:21:00,,,,,,
2020-06-03 21:21:20,,,,,,
2020-06-03 21:21:40,,,,,,
2020-06-03 21:22:00,,,,,,
2020-06-03 21:22:20,,,,,,
2020-06-03 21:22:40,,,,,,
2020-06-03 21:23:00,,,,,,
2020-06-03 21:23:20,,,,,,
2020-06-03 21:23:40,,,,,,
2020-06-03 21:24:00,,,,,,
2020-06-03 21:24:20,,,,,,
2020-06-03 21:24:40,,,,,,
2020-06-03 21:25:00,,,,,,
2020-06-03 21:25:20,,,,,,
2020-06-03 21:25:40,,,,,,
2020-06-03 21:26:00,,,,,,
2020-06-03 21:26:20,,,,,,
2020-06-03 21:26:40,,,,,,
2020-06-03 21:27:00,,,,,,
2020-06-03 21:27:20,,,,,,
2020-06-03 21:27:40,,,,,,
2020-06-03 21:28:00,,,,,,
2020-06-03 21:28:20,,,,,,
2020-06-03 21:28:40,,,,,,
2020-06-03 21:29:00,,,,,,
2020-06-03 21:29:20,,,,,,
2020-06-03 21:29:40,,,,,,
2020-06-03 21:30:00,,,,,,
2020-06-03 21:30:20,,,,,,
2020-06-03 21:30:40,,,,,,
2020-06-03 21:31:00,,,,,,
2020-06-03 21:31:20,,,,,,
2020-06-03 21:31:40,,,,,,
2020-06-03 21:32:00,,,,,,
2020-06-03 21:32:20,,,,,,
2020-06-03 21:32:40,,,,,,
2020-06-03 21:33:00,,,,,,
2020-06-03 21:33:20,,,,,,
2020-06-03 21:33:40,,,,,,
2020-06-03 21:34:00,,,,,,
2020-06-03 21:34:20,,,,,,
2020-06-03 21:34:40,,,,,,
2020-06-03 21:35:00,,,,,,
2020-06-03 21:35:20,,,,,,
2020-06-03 21:35:40,,,,,,
2020-06-03 21:36:00,,,,,,
2020-06-03 21:36:20,,,,,,
2020-06-03 21:36:40,,,,,,
2020-06-03 21:37:00,,,,,,
2020-06-03 21:37:20,,,,,,
2020-06-03 21:37:40,,,,,,
2020-06-03 21:38:00,,,,,,
2020-06-03 21:38:20,,,,,,
2020-06-03 21:38:40,,,,,,
2020-06-03 21:39:00,,,,,,
2020-06-03 21:39:20,,,,,,
2020-06-03 21:39:40,,,,,,
2020-06-03 21:40:00,,,,,,
2020-06-03 21:40:20,106.58165515737025,,,106.58165515737025,,
2020-06-03 21:40:40,130.0939135626008,,,130.0939135626008,,
2020-06-03 21:41:00,153.6061719678314,0,0,153.6061719678314,0,0
2020-06-03 21:41:20,177.11843037306195,0,0,177.11843037306195,0,0
2020-06-03 21:41:40,95.13658586478469,0,0,95.13658586478469,0,0
2020-06-03 21:42:00,106.16138628252128,0,0,106.16138628252128,0,0
2020-06-03 21:42:20,117.18618670025786,0,0,117.18618670025786,0,0
2020-06-03 21:42:40,85.53826599090766,0,0,85.53826599090766,0,0
2020-06-03 21:43:00,92.89450856013285,0,0,92.89450856013285,0,0
2020-06-03 21:43:20,89.61938019096631,173.6104454282355,0,89.61938019096631,173.6104454282355,0
2020-06-03 21:43:40,89.61938019096631,188.1228399556172,0,89.61938019096631,188.1228399556172,0
2020-06-03 21:44:00,89.61938019096631,170.08483479430782,2632.503534855821,89.61938019096631,170.08483479430782,2632.503534855821
2020-06-03 21:44:20,0,170.08483479430782,2632.503534855821,0,170.08483479430782,2632.503534855821
2020-06-03 21:44:40,0,170.08483479430782,2632.503534855821,0,170.08483479430782,2632.503534855821
2020-06-03 21:45:00,0,174.29342229560098,60293.77844195098,0,174.29342229560098,60293.77844195098
2020-06-03 21:45:20,0,174.29342229560098,60293.77844195098,0,174.29342229560098,60293.77844195098
2020-06-03 21:45:40,0,174.29342229560098,60293.77844195098,0,174.29342229560098,60293.77844195098
2020-06-03 21:46:00,0,837.6168783421006,53922.205400997445,0,837.6168783421006,53922.205400997445
2020-06-03 21:46:20,811.0171169510388,837.6168783421006,53922.205400997445,811.0171169510388,837.6168783421006,53922.205400997445
2020-06-03 21:46:40,1027.6943841222326,837.6168783421006,66535.89252357699,1027.6943841222326,837.6168783421006,66535.89252357699
2020-06-03 21:47:00,1027.6943841222326,726.7195447129002,62278.71768932918,1027.6943841222326,726.7195447129002,62278.71768932918
2020-06-03 21:47:20,1916.441900148621,643.6416567420933,62278.71768932918,1916.441900148621,643.6416567420933,62278.71768932918
2020-06-03 21:47:40,2248.441990377474,643.6416567420933,62278.71768932918,2248.441990377474,643.6416567420933,62278.71768932918
2020-06-03 21:48:00,2248.441990377474,529.7627354011306,49477.56739965168,2248.441990377474,529.7627354011306,49477.56739965168
2020-06-03 21:48:20,2396.68258100625,645.4486267712225,55869.746890158975,2396.68258100625,645.4486267712225,55869.746890158975
2020-06-03 21:48:40,2396.68258100625,543.2246986311887,55869.746890158975,2396.68258100625,543.2246986311887,55869.746890158975
2020-06-03 21:49:00,2396.68258100625,670.8242646266567,1592.4390684634466,2396.68258100625,670.8242646266567,1592.4390684634466
2020-06-03 21:49:20,2229.531543127884,670.8242646266567,1176.7257424941329,2229.531543127884,670.8242646266567,1176.7257424941329
2020-06-03 21:49:40,2692.7981344116697,670.8242646266567,1176.7257424941329,2692.7981344116697,670.8242646266567,1176.7257424941329
2020-06-03 21:50:00,2692.7981344116697,17.285763721841,1593.0584162320874,2692.7981344116697,17.285763721841,1593.0584162320874
2020-06-03 21:50:20,1830.5282104477674,17.285763721841,1207.597312537891,1830.5282104477674,17.285763721841,1207.597312537891
2020-06-03 21:50:40,1830.5282104477674,17.285763721841,1207.597312537891,1830.5282104477674,17.285763721841,1207.597312537891
2020-06-03 21:51:00,1830.5282104477674,373.0321875569202,1546.8936170212764,1830.5282104477674,373.0321875569202,1546.8936170212764
2020-06-03 21:51:20,533.7705193686024,373.0321875569202,1171.582233860409,533.7705193686024,373.0321875569202,1171.582233860409
2020-06-03 21:51:40,533.7705193686024,373.0321875569202,1171.582233860409,533.7705193686024,373.0321875569202,1171.582233860409
2020-06-03 21:52:00,533.7705193686024,325.155060584771,0,533.7705193686024,325.155060584771,0
2020-06-03 21:52:20,53842.179812465525,449.58838953594733,0,53842.179812465525,449.58838953594733,0
2020-06-03 21:52:40,53842.179812465525,449.58838953594733,0,53842.179812465525,449.58838953594733,0
2020-06-03 21:53:00,53842.179812465525,490.1319463279992,0,53842.179812465525,490.1319463279992,0
2020-06-03 21:53:20,60372.01581908434,490.1319463279992,0,60372.01581908434,490.1319463279992,0
2020-06-03 21:53:40,50546.073598347626,590.2587942547909,0,50546.073598347626,590.2587942547909,0
2020-06-03 21:54:00,50546.073598347626,584.5988223204527,0,50546.073598347626,584.5988223204527,0
2020-06-03 21:54:20,53559.34992799835,584.5988223204527,0,53559.34992799835,584.5988223204527,0
2020-06-03 21:54:40,53559.34992799835,584.5988223204527,0,53559.34992799835,584.5988223204527,0
2020-06-03 21:55:00,53559.34992799835,46605.53294693139,0,53559.34992799835,46605.53294693139,0
2020-06-03 21:55:20,51088.64650957435,46605.53294693139,169.51958414727014,51088.64650957435,46605.53294693139,169.51958414727014
2020-06-03 21:55:40,51088.64650957435,46605.53294693139,169.51958414727014,51088.64650957435,46605.53294693139,169.51958414727014
2020-06-03 21:56:00,51088.64650957435,47780.38129186482,166.25400819905022,51088.64650957435,47780.38129186482,166.25400819905022
2020-06-03 21:56:20,1657.641774419098,47780.38129186482,196.2892262964945,1657.641774419098,47780.38129186482,196.2892262964945
2020-06-03 21:56:40,1657.641774419098,47780.38129186482,196.2892262964945,1657.641774419098,47780.38129186482,196.2892262964945
2020-06-03 21:57:00,1657.6417744190985,47780.38129186482,207.60855214824724,1657.6417744190985,47780.38129186482,207.60855214824724
2020-06-03 21:57:20,0,44666.74044679136,234.34144280533744,0,44666.74044679136,234.34144280533744
2020-06-03 21:57:40,0,44666.74044679136,234.34144280533746,0,44666.74044679136,234.34144280533746
2020-06-03 21:58:00,0,48374.01100385521,304.7382001535324,0,48374.01100385521,304.7382001535324
2020-06-03 21:58:20,0,48374.01100385521,357.4326977616824,0,48374.01100385521,357.4326977616824
2020-06-03 21:58:40,0,48374.01100385521,357.4326977616824,0,48374.01100385521,357.4326977616824
2020-06-03 21:59:00,0,0,274.9836062012882,0,0,274.9836062012882
2020-06-03 21:59:20,0,0,309.9397764651945,0,0,309.9397764651945
2020-06-03 21:59:40,0,0,309.9397764651945,0,0,309.9397764651945
2020-06-03 22:00:00,0,47095.55182507613,40850.770192853706,0,47095.55182507613,40850.770192853706
2020-06-03 22:00:20,0,47095.55182507613,50656.0819188126,0,47095.55182507613,50656.0819188126
2020-06-03 22:00:40,0,47095.55182507613,50656.0819188126,0,47095.55182507613,50656.0819188126
2020-06-03 22:01:00,0,47778.721073531415,55232.76705302096,0,47778.721073531415,55232.76705302096
2020-06-03 22:01:20,52888.21216891619,47778.72107353143,45110.418918059884,52888.21216891619,47778.72107353143,45110.418918059884
2020-06-03 22:01:40,52888.21216891619,47778.72107353143,45110.418918059884,52888.21216891619,47778.72107353143,45110.418918059884
2020-06-03 22:02:00,52888.21216891619,47778.72107353143,47385.41413701567,52888.21216891619,47778.72107353143,47385.41413701567
2020-06-03 22:02:20,44073.152554033135,43974.49520111219,47385.41413701567,44073.152554033135,43974.49520111219,47385.41413701567
2020-06-03 22:02:40,55992.097560531496,43974.49520111219,47385.41413701567,55992.097560531496,43974.49520111219,47385.41413701567
2020-06-03 22:03:00,55992.097560531496,49149.76428071504,46381.67851174859,55992.097560531496,49149.76428071504,46381.67851174859
2020-06-03 22:03:20,41624.213219269855,49149.76428071504,46381.67851174859,41624.213219269855,49149.76428071504,46381.67851174859
2020-06-03 22:03:40,50290.648611519966,49149.76428071504,46381.67851174859,50290.648611519966,49149.76428071504,46381.67851174859
2020-06-03 22:04:00,50290.648611519966,37884.362350753734,0,50290.648611519966,37884.362350753734,0
2020-06-03 22:04:20,51319.84028638304,0,42752.95703867132,51319.84028638304,0,42752.95703867132
2020-06-03 22:04:40,51319.84028638304,0,42752.95703867132,51319.84028638304,0,42752.95703867132
2020-06-03 22:05:00,51319.84028638304,106.1689994815967,62117.248978774085,51319.84028638304,106.1689994815967,62117.248978774085
2020-06-03 22:05:20,17.019862046040057,106.1689994815967,46166.572912875155,17.019862046040057,106.1689994815967,46166.572912875155
2020-06-03 22:05:40,17.019862046040057,106.1689994815967,46166.572912875155,17.019862046040057,106.1689994815967,46166.572912875155
2020-06-03 22:06:00,17.019862046040057,125.33050005472799,37821.44466695808,17.019862046040057,125.33050005472799,37821.44466695808
2020-06-03 22:06:20,32.48292980800495,102.1280839764128,46604.53619267128,32.48292980800495,102.1280839764128,46604.53619267128
2020-06-03 22:06:40,32.48292980800495,102.1280839764128,46604.53619267128,32.48292980800495,102.1280839764128,46604.53619267128
2020-06-03 22:07:00,27.669038845412082,1086.2962695075034,59842.26638858656,27.669038845412082,1086.2962695075034,59842.26638858656
2020-06-03 22:07:20,37.19544864285649,1295.584876517853,44416.676946830994,37.19544864285649,1295.584876517853,44416.676946830994
2020-06-03 22:07:40,37.19544864285649,1295.5848765178528,44416.676946830994,37.19544864285649,1295.5848765178528,44416.676946830994
2020-06-03 22:08:00,32.91167981886592,49368.28997408541,0,32.91167981886592,49368.28997408541,0
2020-06-03 22:08:20,83.80631248132975,49368.28997408541,0,83.80631248132975,49368.28997408541,0
2020-06-03 22:08:40,83.80631248132975,49368.28997408541,0,83.80631248132975,49368.28997408541,0
2020-06-03 22:09:00,83.80631248132975,63414.98072174328,0,83.80631248132975,63414.98072174328,0
2020-06-03 22:09:20,730.8257644629854,46037.30800529938,17.11365791903602,730.8257644629854,46037.30800529938,17.11365791903602
2020-06-03 22:09:40,730.8257644629854,46037.30800529938,17.11365791903602,730.8257644629854,46037.30800529938,17.11365791903602
2020-06-03 22:10:00,730.8257644629854,50485.05985971658,14.331199048318814,730.8257644629854,50485.05985971658,14.331199048318814
2020-06-03 22:10:20,3604.6952663088605,50485.05985971658,17.619856752629428,3604.6952663088605,50485.05985971658,17.619856752629428
2020-06-03 22:10:40,3604.6952663088605,50485.05985971658,17.619856752629428,3604.6952663088605,50485.05985971658,17.619856752629428
2020-06-03 22:11:00,3604.6952663088605,39569.46345122606,17.64786984695988,3604.6952663088605,39569.46345122606,17.64786984695988
2020-06-03 22:11:20,3375.105901468113,46374.393398551874,17.64786984695988,3375.105901468113,46374.393398551874,17.64786984695988
2020-06-03 22:11:40,3375.105901468113,46374.393398551874,17.64786984695988,3375.105901468113,46374.393398551874,17.64786984695988
2020-06-03 22:12:00,4049.3638008930766,0,2253.245810904305,4049.3638008930766,0,2253.245810904305
2020-06-03 22:12:20,4847.637779744025,0,2852.1118036302437,4847.637779744025,0,2852.1118036302437
2020-06-03 22:12:40,56636.18336348545,0,2852.1118036302437,56636.18336348545,0,2852.1118036302437
2020-06-03 22:13:00,56636.18336348545,0,2852.1118036302437,56636.18336348545,0,2852.1118036302437
2020-06-03 22:13:20,71499.24955078744,0,2792.928536978829,71499.24955078744,0,2792.928536978829
2020-06-03 22:13:40,54077.632415190725,0,2792.928536978829,54077.632415190725,0,2792.928536978829
2020-06-03 22:14:00,54077.632415190725,0,2259.3376138087374,54077.632415190725,0,2259.3376138087374
2020-06-03 22:14:20,54925.92560857532,0,2677.871237791509,54925.92560857532,0,2677.871237791509
2020-06-03 22:14:40,54925.92560857532,0,2677.871237791509,54925.92560857532,0,2677.871237791509
2020-06-03 22:15:00,54925.92560857532,0,3602.945672403898,54925.92560857532,0,3602.945672403898
2020-06-03 22:15:20,55003.217696472544,0,2699.5993264504823,55003.217696472544,0,2699.5993264504823
2020-06-03 22:15:40,55003.217696472544,0,2699.5993264504823,55003.217696472544,0,2699.5993264504823
2020-06-03 22:16:00,55003.217696472544,0,34.4193003537726,55003.217696472544,0,34.4193003537726
2020-06-03 22:16:20,0,0,34.4193003537726,0,0,34.4193003537726
2020-06-03 22:16:40,0,0,34.4193003537726,0,0,34.4193003537726
2020-06-03 22:17:00,0,0,0,0,0,0
2020-06-03 22:17:20,0,0,0,0,0,0
2020-06-03 22:17:40,0,0,0,0,0,0
2020-06-03 22:18:00,0,0,0,0,0,0
2020-06-03 22:18:20,0,0,0,0,0,0
2020-06-03 22:18:40,0,0,0,0,0,0
2020-06-03 22:19:00,0,0,0,0,0,0
2020-06-03 22:19:20,0,0,0,0,0,0
2020-06-03 22:19:40,0,0,0,0,0,0
2020-06-03 22:20:00,0,36821.60479897069,0,0,36821.60479897069,0
2020-06-03 22:20:20,0,44269.515321101295,0,0,44269.515321101295,0
2020-06-03 22:20:40,0,44269.51532110129,0,0,44269.51532110129,0
2020-06-03 22:21:00,0,45941.49610729913,0,0,45941.49610729913,0
2020-06-03 22:21:20,0,45941.49610729913,0,0,45941.49610729913,0
2020-06-03 22:21:40,0,45941.49610729913,0,0,45941.49610729913,0
2020-06-03 22:22:00,0,45260.60365631922,0,0,45260.60365631922,0
2020-06-03 22:22:20,0,45260.60365631922,0,0,45260.60365631922,0
2020-06-03 22:22:40,0,45260.60365631922,0,0,45260.60365631922,0
2020-06-03 22:23:00,0,51816.62455288289,1970.6432932696512,0,51816.62455288289,1970.6432932696512
2020-06-03 22:23:20,52394.1914939731,51816.62455288289,1970.6432932696512,52394.1914939731,51816.62455288289,1970.6432932696512
2020-06-03 22:23:40,52394.1914939731,51816.62455288289,1970.6432932696514,52394.1914939731,51816.62455288289,1970.6432932696514
2020-06-03 22:24:00,52394.191493973085,9381.533197196313,2864.199542421095,52394.191493973085,9381.533197196313,2864.199542421095
2020-06-03 22:24:20,55309.65227695679,8067.567456433958,3537.459228763321,55309.65227695679,8067.567456433958,3537.459228763321
2020-06-03 22:24:40,55309.65227695679,8067.567456433958,3537.459228763321,55309.65227695679,8067.567456433958,3537.459228763321
2020-06-03 22:25:00,55309.65227695679,10668.355729800862,4455.559310577898,55309.65227695679,10668.355729800862,4455.559310577898
2020-06-03 22:25:20,58457.40850308511,14479.44755014798,7328.13809804713,58457.40850308511,14479.44755014798,7328.13809804713
2020-06-03 22:25:40,58457.40850308511,14479.44755014798,7328.13809804713,58457.40850308511,14479.44755014798,7328.13809804713
2020-06-03 22:26:00,58457.40850308511,76237.72681418878,9819.082855300228,58457.40850308511,76237.72681418878,9819.082855300228
2020-06-03 22:26:20,58457.40850308511,76237.72681418878,9819.082855300228,58457.40850308511,76237.72681418878,9819.082855300228
2020-06-03 22:26:40,60418.14675052411,76237.72681418878,9819.082855300228,60418.14675052411,76237.72681418878,9819.082855300228
2020-06-03 22:27:00,60418.14675052411,70869.60432039814,15607.725356354149,60418.14675052411,70869.60432039814,15607.725356354149
2020-06-03 22:27:20,53831.20598517218,70869.60432039814,15607.725356354149,53831.20598517218,70869.60432039814,15607.725356354149
2020-06-03 22:27:40,14008.604262188679,70869.60432039812,15607.725356354149,14008.604262188679,70869.60432039812,15607.725356354149
2020-06-03 22:28:00,14008.604262188679,76331.38244022403,22895.193072034523,14008.604262188679,76331.38244022403,22895.193072034523
2020-06-03 22:28:20,13381.299794687704,76331.38244022403,22895.193072034523,13381.299794687704,76331.38244022403,22895.193072034523
2020-06-03 22:28:40,13381.299794687704,76331.38244022403,22895.193072034523,13381.299794687704,76331.38244022403,22895.193072034523
2020-06-03 22:29:00,13381.299794687704,68367.76674229969,31099.738653639208,13381.299794687704,68367.76674229969,31099.738653639208
2020-06-03 22:29:20,24633.65323096609,79222.82221264135,31099.738653639208,24633.65323096609,79222.82221264135,31099.738653639208
2020-06-03 22:29:40,24633.65323096609,79222.82221264135,31099.738653639208,24633.65323096609,79222.82221264135,31099.738653639208
2020-06-03 22:30:00,24633.65323096609,79222.82221264135,33102.19323188237,24633.65323096609,79222.82221264135,33102.19323188237
2020-06-03 22:30:20,36262.68145870133,28865.490527023085,38206.11034357239,36262.68145870133,28865.490527023085,38206.11034357239
2020-06-03 22:30:40,36262.68145870133,28865.490527023085,38206.11034357239,36262.68145870133,28865.490527023085,38206.11034357239
2020-06-03 22:31:00,36262.68145870133,90221.58329475402,35905.76098835699,36262.68145870133,90221.58329475402,35905.76098835699
2020-06-03 22:31:20,87430.42715161027,90221.58329475402,102074.2132766266,87430.42715161027,90221.58329475402,102074.2132766266
2020-06-03 22:31:40,102811.60590475857,90221.58329475402,102074.2132766266,102811.60590475857,90221.58329475402,102074.2132766266
2020-06-03 22:32:00,102811.60590475857,95292.4600498885,104057.45887386885,102811.60590475857,95292.4600498885,104057.45887386885
2020-06-03 22:32:20,104845.91567904869,95292.4600498885,104057.45887386885,104845.91567904869,95292.4600498885,104057.45887386885
2020-06-03 22:32:40,104845.91567904869,95292.4600498885,104057.45887386885,104845.91567904869,95292.4600498885,104057.45887386885
2020-06-03 22:33:00,104845.91567904869,94027.76113783012,110756.84644984802,104845.91567904869,94027.76113783012,110756.84644984802
2020-06-03 22:33:20,106959.56495988801,94027.76113783012,99841.56002437539,106959.56495988801,94027.76113783012,99841.56002437539
2020-06-03 22:33:40,106959.56495988801,94027.76113783012,99841.56002437539,106959.56495988801,94027.76113783012,99841.56002437539
2020-06-03 22:34:00,106959.56495988801,97464.97813921336,99091.76660827381,106959.56495988801,97464.97813921336,99091.76660827381
2020-06-03 22:34:20,186033.28608892698,91539.04156257097,99091.76660827381,186033.28608892698,91539.04156257097,99091.76660827381
2020-06-03 22:34:40,186033.28608892698,91539.04156257097,99091.76660827381,186033.28608892698,91539.04156257097,99091.76660827381
2020-06-03 22:35:00,186033.28608892698,128298.76854559597,105759.59444503945,186033.28608892698,128298.76854559597,105759.59444503945
2020-06-03 22:35:20,183285.06714900836,94601.0212865536,105759.59444503945,183285.06714900836,94601.0212865536,105759.59444503945
2020-06-03 22:35:40,183285.06714900836,94601.0212865536,105759.59444503945,183285.06714900836,94601.0212865536,105759.59444503945
2020-06-03 22:36:00,183285.06714900836,110919.73751721531,91918.39505189484,183285.06714900836,110919.73751721531,91918.39505189484
2020-06-03 22:36:20,187995.28516657234,89985.98031806205,103002.7406135053,187995.28516657234,89985.98031806205,103002.7406135053
2020-06-03 22:36:40,187995.28516657234,89985.98031806205,103002.7406135053,187995.28516657234,89985.98031806205,103002.7406135053
2020-06-03 22:37:00,187995.28516657234,108350.50940135668,103338.69446218797,187995.28516657234,108350.50940135668,103338.69446218797
2020-06-03 22:37:20,180096.9591277101,91248.20289661197,103338.69446218797,180096.9591277101,91248.20289661197,103338.69446218797
2020-06-03 22:37:40,180096.9591277101,91248.20289661197,103338.69446218797,180096.9591277101,91248.20289661197,103338.69446218797
2020-06-03 22:38:00,180096.9591277101,95901.88120886593,155459.97494645815,180096.9591277101,95901.88120886593,155459.97494645815
2020-06-03 22:38:20,123116.86518211634,95901.88120886593,181916.8226820475,123116.86518211634,95901.88120886593,181916.8226820475
2020-06-03 22:38:40,159328.26971765535,95901.88120886593,181916.8226820475,159328.26971765535,95901.88120886593,181916.8226820475
2020-06-03 22:39:00,159328.26971765535,146640.9050989306,184171.27465347995,159328.26971765535,146640.9050989306,184171.27465347995
2020-06-03 22:39:20,101494.35279507274,113037.82602758432,184171.27465347995,101494.35279507274,113037.82602758432,184171.27465347995
2020-06-03 22:39:40,101494.35279507274,113037.82602758432,184171.27465347995,101494.35279507274,113037.82602758432,184171.27465347995
2020-06-03 22:40:00,101494.35279507274,180464.06369103072,178744.82422667855,101494.35279507274,180464.06369103072,178744.82422667855
2020-06-03 22:40:20,98859.23071812927,180464.06369103072,178744.82422667855,98859.23071812927,180464.06369103072,178744.82422667855
2020-06-03 22:40:40,98859.23071812927,180464.06369103072,178744.82422667855,98859.23071812927,180464.06369103072,178744.82422667855
2020-06-03 22:41:00,98859.23071812927,180464.06369103075,190713.98711696037,98859.23071812927,180464.06369103075,190713.98711696037
2020-06-03 22:41:20,104075.90236724359,176520.9252394451,190713.98711696037,104075.90236724359,176520.9252394451,190713.98711696037
2020-06-03 22:41:40,104075.90236724359,176520.92523944512,190713.98711696037,104075.90236724359,176520.92523944512,190713.98711696037
2020-06-03 22:42:00,104075.90236724359,176520.92523944512,162283.5998589592,104075.90236724359,176520.92523944512,162283.5998589592
2020-06-03 22:42:20,32804.40888888889,172634.0722297527,162283.5998589592,32804.40888888889,172634.0722297527,162283.5998589592
2020-06-03 22:42:40,107643.24000399507,172634.0722297527,162283.5998589592,107643.24000399507,172634.0722297527,162283.5998589592
2020-06-03 22:43:00,107643.24000399507,117242.45379028864,90361.36986958573,107643.24000399507,117242.45379028864,90361.36986958573
2020-06-03 22:43:20,95286.82503454702,149755.47324479386,90361.36986958573,95286.82503454702,149755.47324479386,90361.36986958573
2020-06-03 22:43:40,104635.56952440577,149755.47324479386,90361.36986958573,104635.56952440577,149755.47324479386,90361.36986958573
2020-06-03 22:44:00,104635.56952440577,105757.05788087026,112961.99080712964,104635.56952440577,105757.05788087026,112961.99080712964
2020-06-03 22:44:20,106394.32470870242,91569.11220638367,96614.25367757186,106394.32470870242,91569.11220638367,96614.25367757186
2020-06-03 22:44:40,106394.32470870242,91569.11220638367,96614.25367757186,106394.32470870242,91569.11220638367,96614.25367757186
2020-06-03 22:45:00,106394.32470870242,96717.59787153175,92709.9596421415,106394.32470870242,96717.59787153175,92709.9596421415
2020-06-03 22:45:20,180461.74846174847,96717.59787153175,92709.9596421415,180461.74846174847,96717.59787153175,92709.9596421415
2020-06-03 22:45:40,180461.74846174847,96717.59787153175,92709.9596421415,180461.74846174847,96717.59787153175,92709.9596421415
2020-06-03 22:46:00,180461.74846174847,82738.21680668852,37451.92019784193,180461.74846174847,82738.21680668852,37451.92019784193
2020-06-03 22:46:20,108807.96444444444,93643.62837281046,93949.01760757349,108807.96444444444,93643.62837281046,93949.01760757349
2020-06-03 22:46:40,182740.68707563222,93643.62837281046,93949.01760757349,182740.68707563222,93643.62837281046,93949.01760757349
2020-06-03 22:47:00,182740.68707563222,93643.62837281046,100181.54484321167,182740.68707563222,93643.62837281046,100181.54484321167
2020-06-03 22:47:20,155554.63065030682,92338.95810686513,100181.54484321167,155554.63065030682,92338.95810686513,100181.54484321167
2020-06-03 22:47:40,179811.63288844953,92338.95810686513,100181.54484321167,179811.63288844953,92338.95810686513,100181.54484321167
2020-06-03 22:48:00,179811.63288844953,92338.95810686513,87248.78984292394,179811.63288844953,92338.95810686513,87248.78984292394
2020-06-03 22:48:20,227696.60831929956,88975.01942840994,98490.30963403685,227696.60831929956,88975.01942840994,98490.30963403685
2020-06-03 22:48:40,178073.3584371848,88975.01942840994,98490.30963403685,178073.3584371848,88975.01942840994,98490.30963403685
2020-06-03 22:49:00,178073.3584371848,88975.01942840994,84795.7245309722,178073.3584371848,88975.01942840994,84795.7245309722
2020-06-03 22:49:20,124035.16622026153,87507.2940291761,96157.62386922451,124035.16622026153,87507.2940291761,96157.62386922451
2020-06-03 22:49:40,164524.67399642034,87507.2940291761,96157.62386922451,164524.67399642034,87507.2940291761,96157.62386922451
2020-06-03 22:50:00,164524.67399642034,106476.28542179201,100579.12595351686,164524.67399642034,106476.28542179201,100579.12595351686
2020-06-03 22:50:20,102804.06347074133,90034.89921876603,100579.12595351686,102804.06347074133,90034.89921876603,100579.12595351686
2020-06-03 22:50:40,102804.06347074133,90034.89921876603,100579.12595351685,102804.06347074133,90034.89921876603,100579.12595351685
2020-06-03 22:51:00,102804.06347074133,34482.50764901041,90007.43718945872,102804.06347074133,34482.50764901041,90007.43718945872
2020-06-03 22:51:20,90029.40295241462,38911.51338079607,100106.79694573036,90029.40295241462,38911.51338079607,100106.79694573036
2020-06-03 22:51:40,102073.33837603182,38911.513380796074,100106.79694573036,102073.33837603182,38911.513380796074,100106.79694573036
2020-06-03 22:52:00,102073.33837603182,33493.63638895978,103366.90203086904,102073.33837603182,33493.63638895978,103366.90203086904
2020-06-03 22:52:20,104887.5175457454,103282.72185899304,96814.75359437198,104887.5175457454,103282.72185899304,96814.75359437198
2020-06-03 22:52:40,104887.5175457454,103282.72185899304,96814.75359437198,104887.5175457454,103282.72185899304,96814.75359437198
2020-06-03 22:53:00,104887.5175457454,91771.56553973077,119576.05849959375,104887.5175457454,91771.56553973077,119576.05849959375
2020-06-03 22:53:20,147478.00412134387,106392.69300548737,99736.08306528786,147478.00412134387,106392.69300548737,99736.08306528786
2020-06-03 22:53:40,109963.9838610573,106392.69300548737,99736.08306528786,109963.9838610573,106392.69300548737,99736.08306528786
2020-06-03 22:54:00,109963.98386105728,90725.8813272531,139331.01499823207,109963.98386105728,90725.8813272531,139331.01499823207
2020-06-03 22:54:20,92917.0444105681,102370.87419462547,102472.45088610491,92917.0444105681,102370.87419462547,102472.45088610491
2020-06-03 22:54:40,106203.88365752898,102370.87419462547,102472.45088610491,106203.88365752898,102370.87419462547,102472.45088610491
2020-06-03 22:55:00,106203.88365752898,102370.87419462547,119125.2051708416,106203.88365752898,102370.87419462547,119125.2051708416
2020-06-03 22:55:20,107103.7786056413,96118.32516284469,97135.86045214825,107103.7786056413,96118.32516284469,97135.86045214825
2020-06-03 22:55:40,107103.7786056413,96118.32516284469,97135.86045214825,107103.7786056413,96118.32516284469,97135.86045214825
2020-06-03 22:56:00,107103.7786056413,103384.12541811085,100159.81602915177,107103.7786056413,103384.12541811085,100159.81602915177
2020-06-03 22:56:20,180360.6135711305,103384.12541811085,100159.81602915177,180360.6135711305,103384.12541811085,100159.81602915177
2020-06-03 22:56:40,180360.6135711305,103384.12541811085,100159.81602915177,180360.6135711305,103384.12541811085,100159.81602915177
2020-06-03 22:57:00,180360.6135711305,86681.95168674416,86449.93733798005,180360.6135711305,86681.95168674416,86449.93733798005
2020-06-03 22:57:20,178424.7253590979,96715.92548005293,98208.64286146687,178424.7253590979,96715.92548005293,98208.64286146687
2020-06-03 22:57:40,178424.7253590979,96715.92548005293,98208.64286146688,178424.7253590979,96715.92548005293,98208.64286146688
2020-06-03 22:58:00,178424.7253590979,99837.66305785195,134160.13036393264,178424.7253590979,99837.66305785195,134160.13036393264
2020-06-03 22:58:20,204738.16380394148,99837.66305785195,93938.70337256207,204738.16380394148,99837.66305785195,93938.70337256207
2020-06-03 22:58:40,176792.58834139543,99837.66305785195,93938.70337256207,176792.58834139543,99837.66305785195,93938.70337256207
2020-06-03 22:59:00,176792.58834139543,88238.40545409346,92068.97430019612,176792.58834139543,88238.40545409346,92068.97430019612
2020-06-03 22:59:20,183850.9021640908,102676.74388113736,92068.97430019612,183850.9021640908,102676.74388113736,92068.97430019612
2020-06-03 22:59:40,183850.9021640908,102676.74388113736,92068.97430019612,183850.9021640908,102676.74388113736,92068.97430019612
2020-06-03 23:00:00,183850.90216409077,141484.57473544075,92068.97430019612,183850.90216409077,141484.57473544075,92068.97430019612
2020-06-03 23:00:20,132060.36951450084,98761.95610573146,93769.07537896259,132060.36951450084,98761.95610573146,93769.07537896259
2020-06-03 23:00:40,166300.4161389542,98761.95610573146,93769.07537896259,166300.4161389542,98761.95610573146,93769.07537896259
2020-06-03 23:01:00,166300.4161389542,101117.32413277357,94793.06046211127,166300.4161389542,101117.32413277357,94793.06046211127
2020-06-03 23:01:20,119926.15384615384,101117.32413277357,94793.06046211127,119926.15384615384,101117.32413277357,94793.06046211127
2020-06-03 23:01:40,99640.00321827985,101117.32413277357,94793.06046211127,99640.00321827985,101117.32413277357,94793.06046211127
2020-06-03 23:02:00,99640.00321827985,99126.80863077569,94594.15614036542,99640.00321827985,99126.80863077569,94594.15614036542
2020-06-03 23:02:20,104359.12110459669,99126.80863077569,94594.15614036542,104359.12110459669,99126.80863077569,94594.15614036542
2020-06-03 23:02:40,104359.12110459669,99126.80863077569,94594.15614036542,104359.12110459669,99126.80863077569,94594.15614036542
2020-06-03 23:03:00,104359.12110459669,101166.22295037203,99643.4033028338,104359.12110459669,101166.22295037203,99643.4033028338
2020-06-03 23:03:20,93320.77417768381,101166.22295037204,99643.4033028338,93320.77417768381,101166.22295037204,99643.4033028338
2020-06-03 23:03:40,101732.91979622084,101166.22295037204,99643.4033028338,101732.91979622084,101166.22295037204,99643.4033028338
2020-06-03 23:04:00,101732.91979622087,97831.09920672416,93311.73540275847,101732.91979622087,97831.09920672416,93311.73540275847
2020-06-03 23:04:20,108836.29447185968,97831.09920672416,93311.73540275848,108836.29447185968,97831.09920672416,93311.73540275848
2020-06-03 23:04:40,108836.29447185968,97831.09920672416,93311.73540275848,108836.29447185968,97831.09920672416,93311.73540275848
2020-06-03 23:05:00,108836.29447185968,100188.16552095971,84480.13835594227,108836.29447185968,100188.16552095971,84480.13835594227
2020-06-03 23:05:20,91933.83823752569,100188.16552095971,96258.8203751173,91933.83823752569,100188.16552095971,96258.8203751173
2020-06-03 23:05:40,106478.5104297914,100188.16552095971,96258.8203751173,106478.5104297914,100188.16552095971,96258.8203751173
2020-06-03 23:06:00,106478.5104297914,98373.01936802572,95897.58571452017,106478.5104297914,98373.01936802572,95897.58571452017
2020-06-03 23:06:20,92611.45908815156,98373.01936802572,95897.58571452017,92611.45908815156,98373.01936802572,95897.58571452017
2020-06-03 23:06:40,103741.73310678343,98373.01936802572,95897.58571452017,103741.73310678343,98373.01936802572,95897.58571452017
2020-06-03 23:07:00,103741.73310678343,113516.26976526422,96294.79693784872,103741.73310678343,113516.26976526422,96294.79693784872
2020-06-03 23:07:20,120753.94587000713,96191.91308145008,96294.79693784872,120753.94587000713,96191.91308145008,96294.79693784872
2020-06-03 23:07:40,155046.86783158808,96191.91308145008,96294.79693784872,155046.86783158808,96191.91308145008,96294.79693784872
2020-06-03 23:08:00,155046.86783158808,98268.50706750443,100229.49437843497,155046.86783158808,98268.50706750443,100229.49437843497
2020-06-03 23:08:20,95932.74462506555,98268.50706750443,100229.49437843497,95932.74462506555,98268.50706750443,100229.49437843497
2020-06-03 23:08:40,95932.74462506555,98268.50706750443,100229.49437843497,95932.74462506555,98268.50706750443,100229.49437843497
2020-06-03 23:09:00,95932.74462506555,97295.36575425364,96332.98213948411,95932.74462506555,97295.36575425364,96332.98213948411
2020-06-03 23:09:20,93946.27438175032,97295.36575425364,96332.98213948411,93946.27438175032,97295.36575425364,96332.98213948411
2020-06-03 23:09:40,93946.27438175032,97295.36575425364,96332.98213948411,93946.27438175032,97295.36575425364,96332.98213948411
2020-06-03 23:10:00,93946.27438175032,108006.06988416672,30385.539149888147,93946.27438175032,108006.06988416672,30385.539149888147
2020-06-03 23:10:20,153676.45810454295,93110.18879803829,30385.539149888147,153676.45810454295,93110.18879803829,30385.539149888147
2020-06-03 23:10:40,174091.6818700367,93110.18879803829,30385.539149888147,174091.6818700367,93110.18879803829,30385.539149888147
2020-06-03 23:11:00,174091.6818700367,162846.06032147977,17934.75630941567,174091.6818700367,162846.06032147977,17934.75630941567
2020-06-03 23:11:20,136881.0130114766,162846.06032147977,17934.75630941567,136881.0130114766,162846.06032147977,17934.75630941567
2020-06-03 23:11:40,103513.21085173947,162846.06032147977,17934.75630941567,103513.21085173947,162846.06032147977,17934.75630941567
2020-06-03 23:12:00,103513.21085173947,136883.05739844905,11288.14118981801,103513.21085173947,136883.05739844905,11288.14118981801
2020-06-03 23:12:20,89115.47209336198,96246.71510828387,11288.14118981801,89115.47209336198,96246.71510828387,11288.14118981801
2020-06-03 23:12:40,84688.2660393056,96246.71510828387,11288.14118981801,84688.2660393056,96246.71510828387,11288.14118981801
2020-06-03 23:13:00,84688.2660393056,82605.38096351826,1223.9094617756548,84688.2660393056,82605.38096351826,1223.9094617756548
2020-06-03 23:13:20,81687.97067644118,82605.38096351826,1223.9094617756548,81687.97067644118,82605.38096351826,1223.9094617756548
2020-06-03 23:13:40,81687.97067644118,82605.38096351826,1223.9094617756548,81687.97067644118,82605.38096351826,1223.9094617756548
2020-06-03 23:14:00,81687.97067644118,166281.0181565459,237.58208522362398,81687.97067644118,166281.0181565459,237.58208522362398
2020-06-03 23:14:20,308.7126921917395,166281.0181565459,237.58208522362398,308.7126921917395,166281.0181565459,237.58208522362398
2020-06-03 23:14:40,259.9221851612417,166281.0181565459,237.58208522362398,259.9221851612417,166281.0181565459,237.58208522362398
2020-06-03 23:15:00,259.9221851612417,143955.29725375728,282.0001979371507,259.9221851612417,143955.29725375728,282.0001979371507
2020-06-03 23:15:20,234.58471910296217,80061.37758770453,282.0001979371507,234.58471910296217,80061.37758770453,282.0001979371507
2020-06-03 23:15:40,234.58471910296217,80061.37758770453,282.0001979371507,234.58471910296217,80061.37758770453,282.0001979371507
2020-06-03 23:16:00,234.58471910296217,79439.39718709295,244.89865643977896,234.58471910296217,79439.39718709295,244.89865643977896
2020-06-03 23:16:20,254.00312720088942,79439.39718709295,244.89865643977896,254.00312720088942,79439.39718709295,244.89865643977896
2020-06-03 23:16:40,254.00312720088942,79439.39718709295,244.89865643977896,254.00312720088942,79439.39718709295,244.89865643977896
2020-06-03 23:17:00,254.00312720088942,96611.5126174879,316.98424709362314,254.00312720088942,96611.5126174879,316.98424709362314
2020-06-03 23:17:20,251.11631091174758,78435.39991310691,316.98424709362314,251.11631091174758,78435.39991310691,316.98424709362314
2020-06-03 23:17:40,222.4264398736821,78435.39991310691,316.98424709362314,222.4264398736821,78435.39991310691,316.98424709362314
2020-06-03 23:18:00,222.4264398736821,287.88780842759803,306.34425151845574,222.4264398736821,287.88780842759803,306.34425151845574
2020-06-03 23:18:20,263.8121369040718,287.88780842759803,306.34425151845574,263.8121369040718,287.88780842759803,306.34425151845574
2020-06-03 23:18:40,263.8121369040718,287.88780842759803,306.34425151845574,263.8121369040718,287.88780842759803,306.34425151845574
2020-06-03 23:19:00,263.8121369040718,248.1443494706452,304.3171385358346,263.8121369040718,248.1443494706452,304.3171385358346
2020-06-03 23:19:20,231.06480658499825,304.03298969072165,340.7586411805487,231.06480658499825,304.03298969072165,340.7586411805487
2020-06-03 23:19:40,229.68561621065197,304.03298969072165,340.7586411805487,229.68561621065197,304.03298969072165,340.7586411805487
2020-06-03 23:20:00,229.68561621065197,304.03298969072165,375.1290505211976,229.68561621065197,304.03298969072165,375.1290505211976
2020-06-03 23:20:20,246.40953553567203,275.16221577662037,375.1290505211976,246.40953553567203,275.16221577662037,375.1290505211976
2020-06-03 23:20:40,246.40953553567198,275.16221577662037,375.1290505211976,246.40953553567198,275.16221577662037,375.1290505211976
2020-06-03 23:21:00,246.40953553567198,226.81308196246474,279.11130758682793,246.40953553567198,226.81308196246474,279.11130758682793
2020-06-03 23:21:20,255.4773359502019,226.81308196246474,89988.46263165692,255.4773359502019,226.81308196246474,89988.46263165692
2020-06-03 23:21:40,255.4773359502019,226.8130819624648,89988.46263165692,255.4773359502019,226.8130819624648,89988.46263165692
2020-06-03 23:22:00,255.47733595020188,226.8130819624648,96127.53801679752,255.47733595020188,226.8130819624648,96127.53801679752
2020-06-03 23:22:20,255.1632770872182,246.68754516983861,96127.53801679752,255.1632770872182,246.68754516983861,96127.53801679752
2020-06-03 23:22:40,255.1632770872182,246.68754516983861,96127.53801679752,255.1632770872182,246.68754516983861,96127.53801679752
2020-06-03 23:23:00,255.16327708721815,223.8744779506705,99778.56,255.16327708721815,223.8744779506705,99778.56
2020-06-03 23:23:20,236.65777777777777,252.70245854320626,93463.32537656053,236.65777777777777,252.70245854320626,93463.32537656053
2020-06-03 23:23:40,239.578197982904,252.70245854320626,93463.32537656053,239.578197982904,252.70245854320626,93463.32537656053
2020-06-03 23:24:00,239.578197982904,254.76773798951598,78176.03414062854,239.578197982904,254.76773798951598,78176.03414062854
2020-06-03 23:24:20,255.53683947844533,265.3456965540474,91502.03732725458,255.53683947844533,265.3456965540474,91502.03732725458
2020-06-03 23:24:40,224.31922351038017,265.3456965540474,91502.03732725458,224.31922351038017,265.3456965540474,91502.03732725458
2020-06-03 23:25:00,224.31922351038017,272.2594413056027,313.3867772951008,224.31922351038017,272.2594413056027,313.3867772951008
2020-06-03 23:25:20,208.91297417915203,340.30793180198265,313.3867772951008,208.91297417915203,340.30793180198265,313.3867772951008
2020-06-03 23:25:40,208.91297417915203,340.30793180198265,313.3867772951008,208.91297417915203,340.30793180198265,313.3867772951008
2020-06-03 23:26:00,208.91297417915203,412.48018774573757,307.02450758259766,208.91297417915203,412.48018774573757,307.02450758259766
2020-06-03 23:26:20,207.95572817505646,412.48018774573757,321.8501087666769,207.95572817505646,412.48018774573757,321.8501087666769
2020-06-03 23:26:40,207.95572817505646,412.48018774573757,321.8501087666769,207.95572817505646,412.48018774573757,321.8501087666769
2020-06-03 23:27:00,207.95572817505646,388.24917148795146,279.60833671096697,207.95572817505646,388.24917148795146,279.60833671096697
2020-06-03 23:27:20,279.63219764043265,379.88120281099947,279.60833671096697,279.63219764043265,379.88120281099947,279.60833671096697
2020-06-03 23:27:40,279.63219764043265,379.88120281099947,279.60833671096697,279.63219764043265,379.88120281099947,279.60833671096697
2020-06-03 23:28:00,279.63219764043265,359.828751352001,278.7124519006679,279.63219764043265,359.828751352001,278.7124519006679
2020-06-03 23:28:20,268.5790407299784,376.5849602660654,249.11003170638753,268.5790407299784,376.5849602660654,249.11003170638753
2020-06-03 23:28:40,255.36796428838625,376.5849602660654,249.11003170638753,255.36796428838625,376.5849602660654,249.11003170638753
2020-06-03 23:29:00,255.36796428838625,343.0500127722478,248.96669097982007,255.36796428838625,343.0500127722478,248.96669097982007
2020-06-03 23:29:20,265.38925052589747,343.0500127722478,284.86802271351195,265.38925052589747,343.0500127722478,284.86802271351195
2020-06-03 23:29:40,265.38925052589747,343.0500127722478,284.86802271351195,265.38925052589747,343.0500127722478,284.86802271351195
2020-06-03 23:30:00,265.38925052589747,263.6955848210873,303.07066222715497,265.38925052589747,263.6955848210873,303.07066222715497
2020-06-03 23:30:20,226.7049276645748,263.6955848210873,303.07066222715497,226.7049276645748,263.6955848210873,303.07066222715497
2020-06-03 23:30:40,226.70492766457483,263.6955848210873,303.07066222715497,226.70492766457483,263.6955848210873,303.07066222715497
2020-06-03 23:31:00,226.70492766457483,283.55486056815215,330.77465806407736,226.70492766457483,283.55486056815215,330.77465806407736
2020-06-03 23:31:20,165.07480999073803,283.55486056815215,330.77465806407736,165.07480999073803,283.55486056815215,330.77465806407736
2020-06-03 23:31:40,200.02604505795026,283.55486056815215,330.77465806407736,200.02604505795026,283.55486056815215,330.77465806407736
2020-06-03 23:32:00,200.02604505795026,281.78921705629676,325.6493194019609,200.02604505795026,281.78921705629676,325.6493194019609
2020-06-03 23:32:20,255.01923851188965,281.78921705629676,325.6493194019609,255.01923851188965,281.78921705629676,325.6493194019609
2020-06-03 23:32:40,255.01923851188965,281.78921705629676,325.6493194019609,255.01923851188965,281.78921705629676,325.6493194019609
2020-06-03 23:33:00,255.01923851188965,249.44091645718655,303.37802036269994,255.01923851188965,249.44091645718655,303.37802036269994
2020-06-03 23:33:20,254.5166451773259,275.6174794173528,324.3382913726781,254.5166451773259,275.6174794173528,324.3382913726781
2020-06-03 23:33:40,218.96801243303304,275.6174794173528,324.3382913726781,218.96801243303304,275.6174794173528,324.3382913726781
2020-06-03 23:34:00,218.96801243303304,188.1205481282306,324.3382913726781,218.96801243303304,188.1205481282306,324.3382913726781
2020-06-03 23:34:20,249.18252193882984,188.1205481282306,316.43876277258,249.18252193882984,188.1205481282306,316.43876277258
2020-06-03 23:34:40,253.9800647971601,188.1205481282306,316.43876277258,253.9800647971601,188.1205481282306,316.43876277258
2020-06-03 23:35:00,253.9800647971601,75101.06285839512,322.12400515901726,253.9800647971601,75101.06285839512,322.12400515901726
2020-06-03 23:35:20,272.85596122993906,75101.06285839512,346.6514060950938,272.85596122993906,75101.06285839512,346.6514060950938
2020-06-03 23:35:40,240.92700429386502,75101.06285839512,346.6514060950938,240.92700429386502,75101.06285839512,346.6514060950938
2020-06-03 23:36:00,240.92700429386502,76511.19859728059,375.56212203935166,240.92700429386502,76511.19859728059,375.56212203935166
2020-06-03 23:36:20,240.92700429386502,76511.19859728059,375.56212203935166,240.92700429386502,76511.19859728059,375.56212203935166
2020-06-03 23:36:40,181.42284214086686,76511.19859728059,375.56212203935166,181.42284214086686,76511.19859728059,375.56212203935166
2020-06-03 23:37:00,181.42284214086686,79463.28644303602,362.9014905726449,181.42284214086686,79463.28644303602,362.9014905726449
2020-06-03 23:37:20,214.38759175982588,79463.28644303602,362.9014905726449,214.38759175982588,79463.28644303602,362.9014905726449
2020-06-03 23:37:40,214.38759175982588,79463.28644303602,362.9014905726449,214.38759175982588,79463.28644303602,362.9014905726449
2020-06-03 23:38:00,214.38759175982588,92840.47173994045,386.7917210491347,214.38759175982588,92840.47173994045,386.7917210491347
2020-06-03 23:38:20,186.41027901965828,76075.2286719979,403.55025530310814,186.41027901965828,76075.2286719979,403.55025530310814
2020-06-03 23:38:40,797.3187988760621,76075.2286719979,403.55025530310814,797.3187988760621,76075.2286719979,403.55025530310814
2020-06-03 23:39:00,797.3187988760621,231.80733801173662,377.2591132063887,797.3187988760621,231.80733801173662,377.2591132063887
2020-06-03 23:39:20,695.2882773337768,231.80733801173662,364.8672724033493,695.2882773337768,231.80733801173662,364.8672724033493
2020-06-03 23:39:40,834.1508223997781,231.80733801173668,364.8672724033493,834.1508223997781,231.80733801173668,364.8672724033493
2020-06-03 23:40:00,834.1508223997781,204.19681102700704,351.03596747432357,834.1508223997781,204.19681102700704,351.03596747432357
2020-06-03 23:40:20,726.3215358395296,252.06257256440028,346.14767051744684,726.3215358395296,252.06257256440028,346.14767051744684
2020-06-03 23:40:40,1380.5477650818484,252.06257256440028,346.14767051744684,1380.5477650818484,252.06257256440028,346.14767051744684
2020-06-03 23:41:00,1380.5477650818484,3024.5399276355192,333.31049133146024,1380.5477650818484,3024.5399276355192,333.31049133146024
2020-06-03 23:41:20,1156.8676238189703,3024.5399276355192,333.31049133146024,1156.8676238189703,3024.5399276355192,333.31049133146024
2020-06-03 23:41:40,1339.2807404925584,3024.5399276355192,333.31049133146024,1339.2807404925584,3024.5399276355192,333.31049133146024
2020-06-03 23:42:00,1339.2807404925584,83645.38552767124,272.6522352690577,1339.2807404925584,83645.38552767124,272.6522352690577
2020-06-03 23:42:20,811.1711316922715,83645.38552767124,272.6522352690577,811.1711316922715,83645.38552767124,272.6522352690577
2020-06-03 23:42:40,811.1711316922715,83645.38552767126,272.6522352690577,811.1711316922715,83645.38552767126,272.6522352690577
2020-06-03 23:43:00,811.1711316922715,65130.9856405216,270.74726509568035,811.1711316922715,65130.9856405216,270.74726509568035
2020-06-03 23:43:20,683.5598515393448,77209.57792142975,270.74726509568035,683.5598515393448,77209.57792142975,270.74726509568035
2020-06-03 23:43:40,778.5906971288982,77209.57792142975,270.74726509568035,778.5906971288982,77209.57792142975,270.74726509568035
2020-06-03 23:44:00,778.5906971288982,108169.1352286663,236.57448853721021,778.5906971288982,108169.1352286663,236.57448853721021
2020-06-03 23:44:20,231.67813933494347,80621.85154295246,236.57448853721021,231.67813933494347,80621.85154295246,236.57448853721021
2020-06-03 23:44:40,257.46324946780874,80621.85154295246,236.57448853721021,257.46324946780874,80621.85154295246,236.57448853721021
2020-06-03 23:45:00,257.46324946780874,80621.85154295246,757.7327216220216,257.46324946780874,80621.85154295246,757.7327216220216
2020-06-03 23:45:20,674.4468457342803,75000.05622896434,757.7327216220216,674.4468457342803,75000.05622896434,757.7327216220216
2020-06-03 23:45:40,786.2743257885353,75000.05622896434,757.7327216220216,786.2743257885353,75000.05622896434,757.7327216220216
2020-06-03 23:46:00,786.2743257885353,349.07702534558285,92038.69189124397,786.2743257885353,349.07702534558285,92038.69189124397
2020-06-03 23:46:20,834.4541226086111,349.07702534558285,92038.69189124397,834.4541226086111,349.07702534558285,92038.69189124397

