Time,CPU,Memory,Network_IO,Status
6/3/2020 21:42,1.38E-05,106.1613863,10.56525085,0
6/3/2020 21:44,1.83E-05,89.61938019,15.8397923,0
6/3/2020 21:46,1.33E-05,0,12.1526358,0
6/3/2020 21:48,9.16E-05,2248.44199,24.88139471,0
6/3/2020 21:50,0.000111626,2692.798134,32.73032136,0
6/3/2020 21:52,3.53E-05,533.7705194,22.58953647,0
6/3/2020 21:54,6.99E-05,50546.0736,22.76883997,0
6/3/2020 21:56,6.68E-05,51088.64651,18.5272426,0
6/3/2020 21:58,2.14E-05,0,19.22250905,0
6/3/2020 22:00,2.20E-05,0,19.61217658,0
6/3/2020 22:02,2.19E-05,52888.21217,17.33839552,0
6/3/2020 22:04,2.65E-05,50290.64861,22.94308005,0
6/3/2020 22:06,2.30E-05,17.01986205,21.63671402,0
6/3/2020 22:08,2.28E-05,32.91167982,21.40207025,0
6/3/2020 22:10,7.05E-05,730.8257645,18.96258315,0
6/3/2020 22:12,0.00012123,4049.363801,19.20842082,0
6/3/2020 22:14,7.93E-05,54077.63242,22.2543647,0
6/3/2020 22:16,2.76E-05,55003.2177,18.14176711,0
6/3/2020 22:18,1.14E-05,0,10.12330217,0
6/3/2020 22:20,9.45E-06,0,9.877411964,0
6/3/2020 22:22,1.92E-05,0,20.859803,0
6/3/2020 22:24,0.000341138,52394.19149,121.9791802,0
6/3/2020 22:26,0.002455164,58457.4085,1026.634224,1
6/3/2020 22:28,0.004746483,14008.60426,2783.263941,1
6/3/2020 22:30,0.006398941,24633.65323,4687.244941,1
6/3/2020 22:32,0.009373653,102811.6059,6894.376703,1
6/3/2020 22:34,0.011185966,106959.565,8403.474647,1
6/3/2020 22:36,0.011523841,183285.0671,8729.72766,1
6/3/2020 22:38,0.011467446,180096.9591,8763.676814,1
6/3/2020 22:40,0.011477748,101494.3528,8737.084206,1
6/3/2020 22:42,0.011430697,104075.9024,8704.708189,1
6/3/2020 22:44,0.011353162,104635.5695,8716.05564,1
6/3/2020 22:46,0.011489381,180461.7485,8761.398723,1
6/3/2020 22:48,0.011413909,179811.6329,8746.801523,1
6/3/2020 22:50,0.011615548,164524.674,8748.114072,1
6/3/2020 22:52,0.011347026,102073.3384,8775.899955,1
6/3/2020 22:54,0.011347591,109963.9839,8737.355673,1
6/3/2020 22:56,0.011392185,107103.7786,8705.97519,1
6/3/2020 22:58,0.011273389,178424.7254,8707.783675,1
6/3/2020 23:00,0.011282998,183850.9022,8743.090383,1
6/3/2020 23:02,0.0111938,99640.00322,8743.734652,1
6/3/2020 23:04,0.011288465,101732.9198,8755.187996,1
6/3/2020 23:06,0.011406483,106478.5104,8769.277534,1
6/3/2020 23:08,0.011507134,155046.8678,8748.730257,1
6/3/2020 23:10,0.01027318,93946.27438,7838.846891,1
6/3/2020 23:12,0.004344977,103513.2109,3545.358033,1
6/3/2020 23:14,1.94E-05,81687.97068,22.17293072,0
6/3/2020 23:16,1.55E-05,234.5847191,18.82410663,0
6/3/2020 23:18,1.38E-05,222.4264399,14.72046373,0
6/3/2020 23:20,1.45E-05,229.6856162,15.9021926,0
6/3/2020 23:22,1.57E-05,255.477336,17.79027382,0
6/3/2020 23:24,1.43E-05,239.578198,16.34500366,0
6/3/2020 23:26,1.22E-05,208.9129742,13.38343413,0
6/3/2020 23:28,1.68E-05,279.6321976,18.02355981,0
6/3/2020 23:30,1.62E-05,265.3892505,18.99616515,0
6/3/2020 23:32,1.20E-05,200.0260451,12.94086544,0
6/3/2020 23:34,1.30E-05,218.9680124,15.34728363,0
6/3/2020 23:36,1.46E-05,240.9270043,17.04545455,0
6/3/2020 23:38,1.38E-05,214.3875918,15.00579327,0
6/3/2020 23:40,2.11E-05,834.1508224,16.734206,0
6/3/2020 23:42,3.16E-05,1339.28074,17.70482653,0
6/3/2020 23:44,2.55E-05,778.5906971,17.82599482,0
6/3/2020 23:46,1.49E-05,786.2743258,16.57860135,0
6/3/2020 23:48,2.40E-05,85115.80724,21.97820161,0
6/3/2020 23:50,2.17E-05,80164.32525,22.26568612,0
6/3/2020 23:52,1.33E-05,210.7454535,16.45176024,0
6/3/2020 23:54,1.59E-05,249.9298293,15.79739752,0
6/3/2020 23:56,2.08E-05,83404.51728,22.91776495,0
6/3/2020 23:58,1.97E-05,83439.76477,22.92141812,0
6/4/2020 0:00,2.03E-05,344.0571189,23.79396665,0
6/4/2020 0:02,1.82E-05,309.52271,21.59186055,0
6/4/2020 0:04,1.14E-05,188.9718866,12.867913,0
6/4/2020 0:06,1.50E-05,251.137353,17.51306336,0
6/4/2020 0:08,1.91E-05,323.8941884,21.64791022,0
6/4/2020 0:10,1.72E-05,286.9741515,19.7094136,0
6/4/2020 0:12,3.28E-05,458.2338902,18.05263653,0
6/4/2020 0:14,3.42E-05,1013.019895,19.54216,0
6/4/2020 0:16,1.58E-05,86633.40884,19.10080531,0
6/4/2020 0:18,1.63E-05,79263.46221,20.39821665,0
6/4/2020 0:20,1.26E-05,207.4151595,16.72279914,0
6/4/2020 0:22,7.31E-06,121.9716596,8.575459822,0
6/4/2020 0:24,1.48E-05,263.6987679,17.01384729,0
6/4/2020 0:26,2.24E-05,405.0816517,28.88929605,0
6/4/2020 0:28,1.70E-05,301.3525058,22.37979909,0
6/4/2020 0:30,9.26E-06,150.7236896,9.727459894,0
6/4/2020 0:32,9.11E-06,145.5191402,9.894261413,0
6/4/2020 0:34,1.15E-05,191.2929768,14.35309459,0
6/4/2020 0:36,1.18E-05,201.4252872,14.37646134,0
6/4/2020 0:38,1.66E-05,285.1047975,19.71339814,0
6/4/2020 0:40,2.03E-05,354.0692025,25.84453757,0
6/4/2020 0:42,2.01E-05,344.9713436,24.01990808,0
6/4/2020 0:44,1.78E-05,296.7279752,20.15418456,0
6/4/2020 0:46,1.83E-05,293.4839417,21.75883219,0
6/4/2020 0:48,2.06E-05,82051.58567,21.65012782,0
6/4/2020 0:50,1.80E-05,82856.08938,17.73990596,0
6/4/2020 0:52,9.05E-06,139.3772091,9.983043571,0
6/4/2020 0:54,7.75E-06,123.4228844,9.435785135,0
6/4/2020 0:56,1.24E-05,209.3935715,15.31855729,0
6/4/2020 0:58,1.84E-05,294.9403143,21.87538826,0
6/4/2020 1:00,1.78E-05,291.0331107,21.10309768,0
6/4/2020 1:02,1.58E-05,274.0269026,18.16494985,0
6/4/2020 1:04,1.34E-05,224.5311024,16.06739212,0
6/4/2020 1:06,1.13E-05,182.3590599,13.14082305,0
6/4/2020 1:08,1.36E-05,230.9706212,16.60810978,0
6/4/2020 1:10,1.37E-05,238.573485,16.36907334,0
6/4/2020 1:12,1.36E-05,226.6528187,15.83089197,0
6/4/2020 1:14,1.74E-05,293.3083967,20.63947078,0
6/4/2020 1:16,1.86E-05,323.907669,21.63323264,0
6/4/2020 1:18,1.40E-05,247.8743684,18.38769998,0
6/4/2020 1:20,1.74E-05,302.1802527,19.64095418,0
6/4/2020 1:22,1.82E-05,298.629338,20.83196209,0
6/4/2020 1:24,1.34E-05,216.137229,16.9009582,0
6/4/2020 1:26,1.66E-05,290.8240404,20.89690404,0
6/4/2020 1:28,2.18E-05,363.9021593,26.77252813,0
6/4/2020 1:30,1.91E-05,314.8979426,21.81701083,0
6/4/2020 1:32,1.44E-05,91702.73455,17.00117668,0
6/4/2020 1:34,1.16E-05,85422.36882,13.81363244,0
6/4/2020 1:36,1.37E-05,232.3208997,16.68863276,0
6/4/2020 1:38,1.70E-05,281.338004,19.33942466,0
6/4/2020 1:40,1.58E-05,263.2253297,18.20956431,0
6/4/2020 1:42,1.41E-05,237.8757773,16.57078049,0
6/4/2020 1:44,1.28E-05,205.9472981,14.0085164,0
6/4/2020 1:46,1.48E-05,233.2327365,17.09445806,0
6/4/2020 1:48,1.54E-05,252.6757349,18.33563536,0
6/4/2020 1:50,1.30E-05,227.3534636,15.25635956,0
6/4/2020 1:52,9.28E-06,678.8364836,9.692958079,0
6/4/2020 1:54,8.36E-06,87993.53335,10.18479494,0
6/4/2020 1:56,8.76E-06,86300.00169,11.04582062,0
6/4/2020 1:58,1.25E-05,79480.2425,13.56125401,0
6/4/2020 2:00,1.71E-05,77222.70466,18.77574875,0
6/4/2020 2:02,1.47E-05,261.5659045,18.09130849,0
6/4/2020 2:04,1.47E-05,246.3082117,19.18621698,0
6/4/2020 2:06,1.02E-05,170.5132048,13.71382561,0
6/4/2020 2:08,8.42E-06,158.326712,10.59834972,0
6/4/2020 2:10,1.94E-05,336.3152298,22.56847519,0
6/4/2020 2:12,2.00E-05,337.6871165,25.62793194,0
6/4/2020 2:14,1.57E-05,272.9347482,18.25864256,0
6/4/2020 2:16,1.56E-05,271.2822324,17.36209032,0
6/4/2020 2:18,1.28E-05,214.6214057,14.95344803,0
6/4/2020 2:20,1.03E-05,168.89468,13.21718723,0
6/4/2020 2:22,1.45E-05,763.3530881,15.61262681,0
6/4/2020 2:24,1.69E-05,79955.56461,19.08107995,0
6/4/2020 2:26,1.58E-05,84596.32649,18.85926655,0
6/4/2020 2:28,1.87E-05,314.7223264,21.05790484,0
6/4/2020 2:30,1.62E-05,274.3917502,19.5906887,0
6/4/2020 2:32,1.66E-05,267.7175647,19.61691421,0
6/4/2020 2:34,1.62E-05,265.8324788,19.10121298,0
6/4/2020 2:36,1.02E-05,173.822265,13.00920113,0
6/4/2020 2:38,1.43E-05,236.148746,17.94350836,0
6/4/2020 2:40,1.61E-05,83922.68107,18.28774883,0
6/4/2020 2:42,1.06E-05,80420.89211,10.71275006,0
6/4/2020 2:44,1.17E-05,193.336051,12.60298841,0
6/4/2020 2:46,1.62E-05,278.2880461,20.50416318,0
6/4/2020 2:48,1.13E-05,193.8918223,14.19285781,0
6/4/2020 2:50,1.10E-05,188.8214167,12.67030738,0
6/4/2020 2:52,1.29E-05,234.3977371,17.21726403,0
6/4/2020 2:54,1.25E-05,221.9980155,16.74508545,0
6/4/2020 2:56,2.06E-05,340.5656416,25.63561302,0
6/4/2020 2:58,2.62E-05,436.9241436,29.29191875,0
6/4/2020 3:00,2.01E-05,346.1169581,24.77567298,0
6/4/2020 3:02,1.68E-05,287.0889938,21.26640008,0
6/4/2020 3:04,2.08E-05,79601.49366,23.80290353,0
6/4/2020 3:06,1.73E-05,78637.35714,19.84569064,0
6/4/2020 3:08,1.60E-05,264.9326457,18.01650982,0
6/4/2020 3:10,1.65E-05,278.8369513,20.14762701,0
6/4/2020 3:12,1.50E-05,261.2526061,19.44338866,0
6/4/2020 3:14,1.43E-05,235.5491266,16.77367112,0
6/4/2020 3:16,1.52E-05,257.0291877,18.06124471,0
6/4/2020 3:18,1.47E-05,256.7662869,18.11210944,0
6/4/2020 3:20,1.55E-05,265.3812264,17.74663269,0
6/4/2020 3:22,1.74E-05,283.8899718,19.09076345,0
6/4/2020 3:24,1.54E-05,254.7026086,18.7047705,0
6/4/2020 3:26,1.88E-05,81630.88712,22.13407995,0
6/4/2020 3:28,1.94E-05,88627.96309,21.69143,0
6/4/2020 3:30,1.51E-05,254.6820205,17.89625235,0
6/4/2020 3:32,1.68E-05,279.4053327,20.42740545,0
6/4/2020 3:34,2.01E-05,325.675212,23.73619459,0
6/4/2020 3:36,1.83E-05,309.7919258,22.60053202,0
6/4/2020 3:38,1.43E-05,252.501798,18.34795351,0
6/4/2020 3:40,1.97E-05,344.8682327,24.14891116,0
6/4/2020 3:42,2.11E-05,362.7866958,24.40059498,0
6/4/2020 3:44,1.54E-05,233.846204,17.61632247,0
6/4/2020 3:46,1.48E-05,229.5340607,16.68085106,0
6/4/2020 3:48,1.69E-05,282.1033782,19.294046,0
6/4/2020 3:50,2.15E-05,361.7278966,26.12069329,0
6/4/2020 3:52,1.96E-05,332.9499315,23.83885776,0
6/4/2020 3:54,1.50E-05,253.4925363,18.84283326,0
6/4/2020 3:56,1.63E-05,272.211469,18.8115433,0
6/4/2020 3:58,1.61E-05,263.8771451,16.698737,0
6/4/2020 4:00,1.13E-05,192.7908808,13.60752366,0
6/4/2020 4:02,1.23E-05,210.9908224,14.62964757,0
6/4/2020 4:04,1.74E-05,294.4855849,20.19895386,0
6/4/2020 4:06,1.89E-05,78481.0147,21.90825549,0
6/4/2020 4:08,1.91E-05,83911.01316,20.83351291,0
6/4/2020 4:10,1.54E-05,275.267661,18.37870938,0
6/4/2020 4:12,9.42E-06,152.486846,12.26490521,0
6/4/2020 4:14,1.11E-05,178.1218064,14.47174129,0
6/4/2020 4:16,1.66E-05,296.5032106,20.8633237,0
6/4/2020 4:18,2.01E-05,353.032436,25.89939292,0
6/4/2020 4:20,1.91E-05,333.8522606,23.80056647,0
6/4/2020 4:22,1.72E-05,309.6032956,19.57727193,0
6/4/2020 4:24,1.61E-05,289.7795608,20.48185245,0
6/4/2020 4:26,1.15E-05,201.3980513,15.84910657,0
6/4/2020 4:28,1.24E-05,209.1601169,14.24161553,0
6/4/2020 4:30,1.63E-05,87118.22015,20.12070836,0
6/4/2020 4:32,1.61E-05,82422.72976,19.80157462,0
6/4/2020 4:34,1.52E-05,265.2119721,17.01086433,0
6/4/2020 4:36,1.30E-05,223.8994874,17.03049879,0
6/4/2020 4:38,1.55E-05,248.9828338,17.57247882,0
6/4/2020 4:40,1.49E-05,238.5844036,17.09394282,0
6/4/2020 4:42,1.89E-05,307.0874013,22.50708363,0
6/4/2020 4:44,2.56E-05,410.7741294,27.63106416,0
6/4/2020 4:46,1.93E-05,307.9043312,22.37708377,0
6/4/2020 4:48,1.48E-05,240.1581398,20.15758969,0
6/4/2020 4:50,1.60E-05,271.4524296,19.99702154,0
6/4/2020 4:52,1.84E-05,325.9044724,20.60649844,0
6/4/2020 4:54,1.40E-05,253.3347078,17.58911529,0
6/4/2020 4:56,1.47E-05,781.7215499,16.37640461,0
6/4/2020 4:58,1.87E-05,84730.80598,22.5714833,0
6/4/2020 5:00,1.57E-05,89458.19498,20.86237479,0
6/4/2020 5:02,1.57E-05,263.494144,16.34408977,0
6/4/2020 5:04,1.70E-05,277.7746751,18.77046139,0
6/4/2020 5:06,1.59E-05,270.3262345,20.20542317,0
6/4/2020 5:08,1.46E-05,81995.54491,16.21385319,0
6/4/2020 5:10,1.51E-05,83009.9199,15.47640934,0
6/4/2020 5:12,1.48E-05,238.8547103,18.99825863,0
6/4/2020 5:14,1.55E-05,251.0162809,18.7796906,0
6/4/2020 5:16,1.30E-05,223.4428699,14.59865522,0
6/4/2020 5:18,1.38E-05,224.0059232,15.75365771,0
6/4/2020 5:20,1.62E-05,264.3080841,19.20453971,0
6/4/2020 5:22,1.60E-05,276.1398733,18.72903658,0
6/4/2020 5:24,1.83E-05,85320.88008,20.97919337,0
6/4/2020 5:26,2.17E-05,81060.82535,26.01985306,0
6/4/2020 5:28,2.18E-05,357.874169,25.60089919,0
6/4/2020 5:30,1.86E-05,308.2235591,21.18626771,0
6/4/2020 5:32,1.22E-05,200.2819725,13.31428947,0
6/4/2020 5:34,1.05E-05,170.7904898,12.13451503,0
6/4/2020 5:36,1.47E-05,252.396588,20.01689469,0
6/4/2020 5:38,1.76E-05,307.4741645,21.04239644,0
6/4/2020 5:40,1.78E-05,290.3020042,19.06899432,0
6/4/2020 5:42,1.49E-05,240.8440293,18.86879094,0
6/4/2020 5:44,1.72E-05,314.707075,22.68164718,0
6/4/2020 5:46,1.82E-05,322.9707465,21.03285921,0
6/4/2020 5:48,1.47E-05,240.4451321,16.60742405,0
6/4/2020 5:50,1.29E-05,206.7451271,15.09384776,0
6/4/2020 5:52,1.52E-05,257.5333968,17.8295818,0
6/4/2020 5:54,1.98E-05,342.2202542,22.53452668,0
6/4/2020 5:56,1.70E-05,268.215322,20.49198009,0
6/4/2020 5:58,1.56E-05,237.3087571,18.28560332,0
6/4/2020 6:00,1.40E-05,231.6943695,16.81337545,0
6/4/2020 6:02,1.11E-05,187.8468241,13.17050806,0
6/4/2020 6:04,1.33E-05,234.3747446,14.97421398,0
6/4/2020 6:06,1.68E-05,287.987824,19.33193619,0
6/4/2020 6:08,1.93E-05,310.9298628,21.97919885,0
6/4/2020 6:10,1.58E-05,241.8271988,18.40258169,0
6/4/2020 6:12,1.75E-05,78704.98647,17.18386479,0
6/4/2020 6:14,1.88E-05,79713.92833,20.23389953,0
6/4/2020 6:16,1.52E-05,253.4329356,18.27179896,0
6/4/2020 6:18,1.57E-05,254.4415455,17.45756007,0
6/4/2020 6:20,1.57E-05,262.9799255,20.38050798,0
6/4/2020 6:22,1.49E-05,255.8366757,17.89979092,0
6/4/2020 6:24,1.17E-05,205.6018472,13.73179817,0
6/4/2020 6:26,1.22E-05,213.5249583,16.66702538,0
6/4/2020 6:28,1.54E-05,260.6858278,18.76922945,0
6/4/2020 6:30,1.49E-05,233.1028483,16.68104688,0
6/4/2020 6:32,1.09E-05,163.6377437,12.13467365,0
6/4/2020 6:34,6.32E-06,103.9514758,8.545140364,0
6/4/2020 6:36,1.68E-05,285.4191602,20.1056499,0
6/4/2020 6:38,2.02E-05,346.308634,23.48910362,0
6/4/2020 6:40,1.24E-05,81820.08488,16.30941286,0
6/4/2020 6:42,1.45E-05,80854.72902,17.72759328,0
6/4/2020 6:44,5.68E-06,101.9638522,13.33896159,0
6/4/2020 6:46,1.18E-05,198.1197618,13.49263704,0
6/4/2020 6:48,1.61E-05,242.747983,17.91725486,0
6/4/2020 6:50,1.44E-05,217.83045,17.1139293,0
6/4/2020 6:52,1.19E-05,199.2323611,12.97197888,0
6/4/2020 6:54,9.70E-06,159.4863763,11.06766767,0
6/4/2020 6:56,1.31E-05,219.7025961,18.17573264,0
6/4/2020 6:58,1.83E-05,793.5616115,20.0668341,0
6/4/2020 7:00,2.11E-05,83487.32459,23.60226268,0
6/4/2020 7:02,2.52E-05,88424.43544,31.01486743,0
6/4/2020 7:04,1.55E-05,261.4110035,18.61896424,0
6/4/2020 7:06,1.21E-05,203.6291325,14.53670603,0
6/4/2020 7:08,1.45E-05,239.8497593,15.55305518,0
6/4/2020 7:10,1.42E-05,242.1529587,14.94424943,0
6/4/2020 7:12,1.66E-05,293.254817,20.58965112,0
6/4/2020 7:14,1.18E-05,196.380199,15.21922839,0
6/4/2020 7:16,1.21E-05,195.7576289,13.78484872,0
6/4/2020 7:18,1.57E-05,256.1771892,18.02232855,0
6/4/2020 7:20,1.30E-05,214.6845732,15.82048801,0
6/4/2020 7:22,1.20E-05,215.041344,16.93146928,0
6/4/2020 7:24,2.01E-05,85866.99551,22.30655965,0
6/4/2020 7:26,1.92E-05,78991.34606,18.83929911,0
6/4/2020 7:28,1.28E-05,213.2511428,15.18817094,0
6/4/2020 7:30,1.53E-05,265.8930926,18.45028162,0
6/4/2020 7:32,1.98E-05,321.5827903,22.53159533,0
6/4/2020 7:34,1.84E-05,299.096251,21.90140702,0
6/4/2020 7:36,1.50E-05,261.2122732,19.72081385,0
6/4/2020 7:38,1.92E-05,339.7238914,22.69714378,0
6/4/2020 7:40,2.14E-05,372.9153045,24.34673194,0
6/4/2020 7:42,1.86E-05,327.7517604,22.3718858,0
6/4/2020 7:44,1.85E-05,334.2854811,23.18298192,0
6/4/2020 7:46,2.02E-05,357.3102039,24.75649011,0
6/4/2020 7:48,1.70E-05,298.5499541,21.41591301,0
6/4/2020 7:50,1.91E-05,306.227727,23.16150234,0
6/4/2020 7:52,1.80E-05,286.8447775,23.35250652,0
6/4/2020 7:54,9.34E-06,159.2252971,11.63462549,0
6/4/2020 7:56,1.46E-05,243.5765106,16.56299338,0
6/4/2020 7:58,2.32E-05,375.2110881,27.44323389,0
6/4/2020 8:00,1.81E-05,309.2967744,22.03347139,0
6/4/2020 8:02,1.50E-05,265.9130156,17.60194251,0
6/4/2020 8:04,1.74E-05,295.2249384,20.30333195,0
6/4/2020 8:06,1.64E-05,272.4434523,19.44265445,0
6/4/2020 8:08,1.87E-05,320.14729,22.3036089,0
6/4/2020 8:10,2.18E-05,370.1549432,26.74265484,0
6/4/2020 8:12,1.96E-05,340.8646444,22.01801631,0
6/4/2020 8:14,1.72E-05,290.7256869,19.59741864,0
6/4/2020 8:16,1.62E-05,262.4085078,20.79134142,0
6/4/2020 8:18,1.26E-05,212.0361411,16.00594941,0
6/4/2020 8:20,1.18E-05,208.354175,13.615277,0
6/4/2020 8:22,1.57E-05,86351.71748,17.29247403,0
6/4/2020 8:24,2.04E-05,83969.53345,23.44644637,0
6/4/2020 8:26,1.62E-05,279.8039058,19.66025844,0
6/4/2020 8:28,1.68E-05,253.3376923,20.2224723,0
6/4/2020 8:30,2.43E-05,379.9789163,26.95850448,0
6/4/2020 8:32,1.32E-05,228.3365541,23.23997892,0
6/4/2020 8:34,1.32E-05,234.7883408,16.65637216,0
6/4/2020 8:36,1.17E-05,207.0939102,14.9148642,0
6/4/2020 8:38,1.09E-05,184.605047,13.67248381,0
6/4/2020 8:40,8.48E-06,143.3956099,10.97387842,0
6/4/2020 8:42,1.41E-05,239.6082298,15.926552,0
6/4/2020 8:44,1.64E-05,285.8407675,19.99851066,0
6/4/2020 8:46,1.57E-05,86188.71238,20.03786198,0
6/4/2020 8:48,1.73E-05,95199.08128,23.28473484,0
6/4/2020 8:50,2.12E-05,376.2756593,24.92535271,0
6/4/2020 8:52,1.68E-05,278.3341403,19.54696027,0
6/4/2020 8:54,1.65E-05,281.4249888,21.81874121,0
6/4/2020 8:56,2.18E-05,391.4451024,28.50005059,0
6/4/2020 8:58,2.11E-05,376.2600847,24.96013762,0
6/4/2020 9:00,1.54E-05,275.8771653,18.67532202,0
6/4/2020 9:02,1.29E-05,218.5295385,16.40016105,0
6/4/2020 9:04,1.67E-05,291.7770105,20.60765543,0
6/4/2020 9:06,1.52E-05,274.760412,19.75216702,0
6/4/2020 9:08,1.82E-05,321.3179055,21.23580225,0
6/4/2020 9:10,1.83E-05,326.986788,23.17844388,0
6/4/2020 9:12,1.22E-05,216.586469,16.09168739,0
6/4/2020 9:14,1.51E-05,266.7383005,18.12236441,0
6/4/2020 9:16,1.75E-05,312.5499504,21.05715343,0
6/4/2020 9:18,1.55E-05,278.8172729,19.20195303,0
6/4/2020 9:20,1.27E-05,225.3120636,15.71361455,0
6/4/2020 9:22,1.50E-05,82261.35783,16.67491465,0
6/4/2020 9:24,1.67E-05,81716.01046,19.70932845,0
6/4/2020 9:26,1.38E-05,239.4351495,16.98261582,0
6/4/2020 9:28,1.10E-05,189.2091648,13.35743491,0
6/4/2020 9:30,1.53E-05,256.4338005,19.36667115,0
6/4/2020 9:32,1.45E-05,247.8108829,15.94339335,0
6/4/2020 9:34,1.11E-05,201.0742615,14.23793833,0
6/4/2020 9:36,1.70E-05,86934.33817,20.12454566,0
6/4/2020 9:38,2.39E-05,82321.08625,28.95641254,0
6/4/2020 9:40,1.82E-05,315.5739201,22.10448872,0
6/4/2020 9:42,1.11E-05,192.8957046,14.08065559,0
6/4/2020 9:44,1.32E-05,234.3364336,16.55941933,0
6/4/2020 9:46,1.51E-05,266.1965767,19.22704092,0
6/4/2020 9:48,1.46E-05,247.7619163,16.39981427,0
6/4/2020 9:50,1.62E-05,85058.9566,18.05402753,0
6/4/2020 9:52,1.80E-05,84917.74892,16.2926504,0
6/4/2020 9:54,1.58E-05,247.9568981,19.20429718,0
6/4/2020 9:56,1.85E-05,303.2613927,23.1772889,0
6/4/2020 9:58,1.84E-05,322.1252718,22.50062197,0
6/4/2020 10:00,2.22E-05,370.8007571,25.99637377,0
6/4/2020 10:02,2.63E-05,453.842679,30.92547006,0
6/4/2020 10:04,1.54E-05,274.020028,19.02917526,0
6/4/2020 10:06,8.00E-06,136.0170353,11.32864445,0
6/4/2020 10:08,1.03E-05,182.0554781,12.85742394,0
6/4/2020 10:10,1.11E-05,202.2424754,14.87011125,0
6/4/2020 10:12,1.64E-05,299.623921,21.28178522,0
6/4/2020 10:14,2.12E-05,382.4885184,24.97642795,0
6/4/2020 10:16,1.77E-05,315.2556105,21.54890488,0
6/4/2020 10:18,1.75E-05,312.3429736,23.19497881,0
6/4/2020 10:20,1.89E-05,338.4396741,24.36715108,0
6/4/2020 10:22,2.01E-05,85959.76565,22.36743717,0
6/4/2020 10:24,1.56E-05,88226.96553,16.58938828,0
6/4/2020 10:26,1.35E-05,222.3279973,16.95479007,0
6/4/2020 10:28,1.35E-05,222.5335388,16.78239609,0
6/4/2020 10:30,1.26E-05,221.4698665,14.4352098,0
6/4/2020 10:32,1.46E-05,261.1478775,17.18349734,0
6/4/2020 10:34,1.06E-05,186.9667696,13.61967835,0
6/4/2020 10:36,1.13E-05,203.567568,14.63595618,0
6/4/2020 10:38,1.35E-05,757.3264306,16.95151977,0
6/4/2020 10:40,1.40E-05,85882.21239,17.84484062,0
6/4/2020 10:42,1.58E-05,70820.64919,19.06126184,0
6/4/2020 10:44,1.68E-05,293.6715315,18.79723584,0
6/4/2020 10:46,1.45E-05,248.9142413,18.08234421,0
6/4/2020 10:48,1.23E-05,83851.54334,16.37110023,0
6/4/2020 10:50,1.27E-05,85553.70825,15.8961088,0
6/4/2020 10:52,1.19E-05,220.0930832,14.52612332,0
6/4/2020 10:54,1.78E-05,846.6833413,21.5250011,0
6/4/2020 10:56,1.79E-05,87099.50292,21.73450363,0
6/4/2020 10:58,1.47E-05,80661.69737,19.46793892,0
6/4/2020 11:00,1.59E-05,274.603301,20.4607475,0
6/4/2020 11:02,1.24E-05,206.9261664,15.70860661,0
6/4/2020 11:04,1.34E-05,215.0200693,17.08826129,0
6/4/2020 11:06,1.29E-05,219.9844249,15.10971302,0
6/4/2020 11:08,1.02E-05,178.1411734,12.40162573,0
6/4/2020 11:10,1.08E-05,188.715901,13.38270697,0
6/4/2020 11:12,1.31E-05,226.5030355,16.38829408,0
6/4/2020 11:14,1.64E-05,287.2735402,20.40517026,0
6/4/2020 11:16,1.75E-05,309.6097962,21.13681805,0
6/4/2020 11:18,1.68E-05,287.2251784,18.62169638,0
6/4/2020 11:20,1.99E-05,339.8427948,22.33295959,0
6/4/2020 11:22,1.41E-05,247.6660378,17.97060573,0
6/4/2020 11:24,9.44E-06,82827.69625,12.52291951,0
6/4/2020 11:26,1.16E-05,87325.19778,13.50502115,0
6/4/2020 11:28,1.33E-05,217.321922,15.8148489,0
6/4/2020 11:30,1.99E-05,331.8352763,22.87759642,0
6/4/2020 11:32,2.32E-05,80947.07193,24.78313754,0
6/4/2020 11:34,1.82E-05,80204.01496,18.78827676,0
6/4/2020 11:36,1.21E-05,187.60748,15.10486519,0
6/4/2020 11:38,1.44E-05,229.8025135,14.87887891,0
6/4/2020 11:40,1.65E-05,81756.01363,18.83176077,0
6/4/2020 11:42,1.48E-05,78752.59511,18.64579072,0
6/4/2020 11:44,1.46E-05,248.8737664,17.18989313,0
6/4/2020 11:46,1.66E-05,290.2954149,18.97250149,0
6/4/2020 11:48,1.74E-05,307.5241817,20.72955362,0
6/4/2020 11:50,1.38E-05,242.9583432,18.27488336,0
6/4/2020 11:52,1.04E-05,185.7290078,13.51686614,0
6/4/2020 11:54,1.21E-05,212.1104689,14.97357839,0
6/4/2020 11:56,1.70E-05,298.3610538,19.25446964,0
6/4/2020 11:58,2.04E-05,368.7985834,26.05901305,0
6/4/2020 12:00,1.69E-05,309.4810574,22.8995258,0
6/4/2020 12:02,1.45E-05,250.6568319,16.54614637,0
6/4/2020 12:04,1.75E-05,283.8808574,20.09751996,0
6/4/2020 12:06,1.60E-05,255.0004892,20.43998793,0
6/4/2020 12:08,1.99E-05,337.7211245,23.53983531,0
6/4/2020 12:10,1.92E-05,330.4638273,21.58413978,0
6/4/2020 12:12,1.24E-05,212.6613824,15.63863319,0
6/4/2020 12:14,1.76E-05,286.8359893,20.82603682,0
6/4/2020 12:16,1.61E-05,250.7693689,18.44285279,0
6/4/2020 12:18,1.45E-05,234.9393641,17.94479862,0
6/4/2020 12:20,1.83E-05,310.1372583,22.115207,0
6/4/2020 12:22,1.75E-05,290.2757163,19.99511911,0
6/4/2020 12:24,1.77E-05,292.4820591,19.29438883,0
6/4/2020 12:26,1.58E-05,265.6968271,18.18150691,0
6/4/2020 12:28,1.78E-05,293.3716521,21.67205002,0
6/4/2020 12:30,2.17E-05,368.9168553,25.35336403,0
6/4/2020 12:32,1.56E-05,274.1741151,19.29308796,0
6/4/2020 12:34,9.39E-06,84144.12529,13.26718842,0
6/4/2020 12:36,1.34E-05,82444.31463,15.50092484,0
6/4/2020 12:38,1.64E-05,276.3832659,17.25380862,0
6/4/2020 12:40,1.99E-05,332.3028574,23.17853627,0
6/4/2020 12:42,2.02E-05,339.001287,25.73583554,0
6/4/2020 12:44,1.54E-05,254.4162588,16.46676827,0
6/4/2020 12:46,2.14E-05,361.3331216,25.3647087,0
6/4/2020 12:48,2.01E-05,339.1570754,25.0398515,0
6/4/2020 12:50,1.17E-05,200.6941325,13.3476384,0
6/4/2020 12:52,1.02E-05,173.0657912,11.87793041,0
6/4/2020 12:54,1.43E-05,237.4266633,16.30276565,0
6/4/2020 12:56,2.06E-05,357.4837448,24.18230708,0
6/4/2020 12:58,2.19E-05,372.5499113,26.13426803,0
6/4/2020 13:00,1.52E-05,248.7949429,17.96493638,0
6/4/2020 13:02,1.19E-05,189.1368866,13.23796924,0
6/4/2020 13:04,1.35E-05,216.7628058,16.211257,0
6/4/2020 13:06,1.45E-05,224.2143781,17.20080293,0
6/4/2020 13:08,1.39E-05,204.9109935,15.47729226,0
6/4/2020 13:10,1.22E-05,183.256529,12.6300725,0
6/4/2020 13:12,1.20E-05,82572.94911,13.28013537,0
6/4/2020 13:14,1.82E-05,86842.48084,20.88090825,0
6/4/2020 13:16,1.95E-05,327.0752742,22.03700008,0
6/4/2020 13:18,1.43E-05,220.1704369,17.07224699,0
6/4/2020 13:20,1.48E-05,232.5564419,17.42176897,0
6/4/2020 13:22,2.01E-05,348.9705256,24.45615402,0
6/4/2020 13:24,1.87E-05,328.7569385,22.17993053,0
6/4/2020 13:26,1.29E-05,229.722209,15.60581716,0
6/4/2020 13:28,1.31E-05,231.7547306,16.35957883,0
6/4/2020 13:30,1.32E-05,227.2399445,17.25836766,0
6/4/2020 13:32,1.86E-05,311.1043597,21.92739252,0
6/4/2020 13:34,1.74E-05,296.3316027,19.62392219,0
6/4/2020 13:36,1.01E-05,182.9462401,12.70796143,0
6/4/2020 13:38,1.09E-05,194.5011634,13.22784545,0
6/4/2020 13:40,1.54E-05,81333.21089,16.7151103,0
6/4/2020 13:42,1.57E-05,78122.56678,18.09850634,0
6/4/2020 13:44,1.23E-05,202.9162607,15.45503451,0
6/4/2020 13:46,1.08E-05,171.9570611,11.96542388,0
6/4/2020 13:48,1.70E-05,273.1622735,18.99256813,0
6/4/2020 13:50,1.77E-05,288.3408146,20.63662027,0
6/4/2020 13:52,1.91E-05,322.0969856,22.51058875,0
6/4/2020 13:54,2.30E-05,365.8262733,24.67366351,0
6/4/2020 13:56,1.80E-05,279.6039159,19.21618844,0
6/4/2020 13:58,1.55E-05,250.1333312,17.54284534,0
6/4/2020 14:00,1.62E-05,273.6493117,15.78832301,0
6/4/2020 14:02,1.32E-05,226.5120513,16.06307271,0
6/4/2020 14:04,1.64E-05,265.0640874,17.2296224,0
6/4/2020 14:06,1.81E-05,288.7162179,19.75456191,0
6/4/2020 14:08,1.27E-05,206.8756524,15.78502689,0
6/4/2020 14:10,1.07E-05,185.0569472,13.77222794,0
6/4/2020 14:12,1.40E-05,231.6068371,16.88544989,0
6/4/2020 14:14,2.04E-05,332.5527733,23.92648429,0
6/4/2020 14:16,2.31E-05,395.7155458,28.09956607,0
6/4/2020 14:18,1.82E-05,308.8174313,22.24621405,0
6/4/2020 14:20,1.09E-05,183.5342233,12.54313908,0
6/4/2020 14:22,1.31E-05,233.5100621,15.6149697,0
6/4/2020 14:24,1.81E-05,305.5930897,21.78083252,0
6/4/2020 14:26,1.66E-05,801.359729,20.46271703,0
6/4/2020 14:28,1.09E-05,85601.42998,14.10944773,0
6/4/2020 14:30,1.41E-05,91102.54655,17.77938297,0
6/4/2020 14:32,1.80E-05,316.573205,21.39962172,0
6/4/2020 14:34,1.67E-05,297.1525301,20.76201848,0
6/4/2020 14:36,1.83E-05,313.2897761,20.93556057,0
6/4/2020 14:38,1.97E-05,339.7548887,22.59801137,0
6/4/2020 14:40,1.76E-05,306.6881015,22.1249496,0
6/4/2020 14:42,1.65E-05,79410.18422,19.5598393,0
6/4/2020 14:44,1.95E-05,79613.69445,21.60236585,0
6/4/2020 14:46,1.58E-05,277.2262932,18.53947289,0
6/4/2020 14:48,1.45E-05,243.0139425,18.99915041,0
6/4/2020 14:50,1.44E-05,236.6635979,18.11351649,0
6/4/2020 14:52,1.68E-05,290.4249684,19.63721548,0
6/4/2020 14:54,1.85E-05,323.307521,22.34158784,0
6/4/2020 14:56,1.33E-05,237.0928997,16.72530134,0
6/4/2020 14:58,1.68E-05,290.1954533,19.85792354,0
6/4/2020 15:00,1.73E-05,301.9461372,20.09379301,0
6/4/2020 15:02,1.73E-05,304.7261052,21.50025784,0
6/4/2020 15:04,1.84E-05,324.0843692,22.86018784,0
6/4/2020 15:06,1.50E-05,269.9425318,19.47497102,0
6/4/2020 15:08,1.68E-05,291.2619735,20.52901698,0
6/4/2020 15:10,1.69E-05,286.2854187,18.07198758,0
6/4/2020 15:12,1.69E-05,266.1145713,19.42509483,0
6/4/2020 15:14,1.75E-05,274.0876431,20.63557224,0
6/4/2020 15:16,1.41E-05,245.1989847,17.2072166,0
6/4/2020 15:18,1.23E-05,211.8794212,15.93989019,0
6/4/2020 15:20,8.23E-06,131.2143771,12.34834635,0
6/4/2020 15:22,1.03E-05,159.9818771,10.51420916,0
6/4/2020 15:24,8.33E-06,144.489183,9.429796193,0
6/4/2020 15:26,1.22E-05,210.3020268,13.94221998,0
6/4/2020 15:28,1.30E-05,217.0449528,18.73618666,0
6/4/2020 15:30,1.53E-05,255.3424931,18.11779073,0
6/4/2020 15:32,1.71E-05,290.2688593,18.54750511,0
6/4/2020 15:34,1.10E-05,188.3155422,13.65909663,0
6/4/2020 15:36,8.83E-06,155.0236337,11.49420317,0
6/4/2020 15:38,1.49E-05,256.3867166,18.70699483,0
6/4/2020 15:40,1.91E-05,308.9261247,21.97287235,0
6/4/2020 15:42,2.04E-05,337.412321,23.38781315,0
6/4/2020 15:44,1.39E-05,236.4262302,17.33148921,0
6/4/2020 15:46,1.26E-05,204.2451341,14.03518,0
6/4/2020 15:48,1.60E-05,268.7862457,18.49731419,0
6/4/2020 15:50,1.52E-05,84279.54375,17.21432842,0
6/4/2020 15:52,1.93E-05,81342.9807,21.51334999,0
6/4/2020 15:54,1.86E-05,329.0633825,23.05813884,0
6/4/2020 15:56,1.84E-05,309.7333608,21.98435136,0
6/4/2020 15:58,1.84E-05,306.8879972,22.25288488,0
6/4/2020 16:00,1.63E-05,285.349786,20.17378418,0
6/4/2020 16:02,2.01E-05,341.7395237,23.42377513,0
6/4/2020 16:04,1.77E-05,294.8129429,18.17718215,0
6/4/2020 16:06,1.43E-05,238.074282,15.44472382,0
6/4/2020 16:08,1.63E-05,290.2083038,22.50538782,0
6/4/2020 16:10,1.74E-05,308.3726275,22.39854533,0
6/4/2020 16:12,1.84E-05,321.3968605,21.07692906,0
6/4/2020 16:14,1.86E-05,325.6670349,22.06904763,0
6/4/2020 16:16,1.69E-05,281.0701389,21.35410807,0
6/4/2020 16:18,1.65E-05,266.5326677,19.47012199,0
6/4/2020 16:20,1.85E-05,305.5753577,22.27324308,0
6/4/2020 16:22,1.66E-05,81914.6841,20.38200447,0
6/4/2020 16:24,9.25E-06,84457.6761,11.58377481,0
6/4/2020 16:26,1.31E-05,219.5866255,14.84930037,0
6/4/2020 16:28,1.56E-05,270.8043222,19.34948073,0
6/4/2020 16:30,1.27E-05,221.3198223,15.07277988,0
6/4/2020 16:32,1.44E-05,252.8155771,17.46128962,0
6/4/2020 16:34,1.86E-05,872.0942611,21.55957835,0
6/4/2020 16:36,1.56E-05,87623.44488,18.57971303,0
6/4/2020 16:38,1.17E-05,84713.50628,16.42879977,0
6/4/2020 16:40,1.29E-05,220.5708131,15.93081475,0
6/4/2020 16:42,1.30E-05,222.0498578,15.76172663,0
6/4/2020 16:44,2.15E-05,368.1211166,26.72873081,0
6/4/2020 16:46,2.48E-05,435.006025,29.89768603,0
6/4/2020 16:48,2.06E-05,366.7387217,24.27094298,0
6/4/2020 16:50,1.74E-05,85869.71815,19.38710897,0
6/4/2020 16:52,1.51E-05,81048.81896,16.5581472,0
6/4/2020 16:54,1.29E-05,216.2864756,15.57395315,0
6/4/2020 16:56,1.07E-05,189.6048916,13.07541119,0
6/4/2020 16:58,1.36E-05,242.100819,17.1364258,0
6/4/2020 17:00,1.77E-05,311.0546216,22.65031419,0
6/4/2020 17:02,1.64E-05,287.5268723,19.76057006,0
6/4/2020 17:04,1.57E-05,277.0551058,18.99804273,0
6/4/2020 17:06,1.62E-05,283.7099946,19.50454613,0
6/4/2020 17:08,1.64E-05,285.5711117,18.92757448,0
6/4/2020 17:10,1.42E-05,247.7447897,18.50779868,0
6/4/2020 17:12,1.24E-05,209.4300143,16.36143746,0
6/4/2020 17:14,1.74E-05,287.6178753,19.44818648,0
6/4/2020 17:16,1.55E-05,257.7667764,17.95422301,0
6/4/2020 17:18,1.37E-05,233.4416192,16.25108698,0
6/4/2020 17:20,1.56E-05,267.333841,17.12169285,0
6/4/2020 17:22,1.88E-05,299.9155798,21.51972429,0
6/4/2020 17:24,1.93E-05,311.6076076,23.47624428,0
6/4/2020 17:26,1.56E-05,278.6327659,20.01996984,0
6/4/2020 17:28,1.20E-05,213.3027822,13.8532455,0
6/4/2020 17:30,1.35E-05,218.3281585,14.43781942,0
6/4/2020 17:32,1.40E-05,230.4397097,17.13830039,0
6/4/2020 17:34,1.43E-05,245.7658984,17.16765949,0
6/4/2020 17:36,1.52E-05,262.5394194,17.50639538,0
6/4/2020 17:38,1.23E-05,205.1093733,15.6469798,0
6/4/2020 17:40,1.48E-05,250.2973911,18.37514907,0
6/4/2020 17:42,1.27E-05,218.2536592,15.08622445,0
6/4/2020 17:44,1.24E-05,198.6193276,13.82514689,0
6/4/2020 17:46,1.63E-05,273.8677298,18.74119324,0
6/4/2020 17:48,1.57E-05,265.4138992,18.81611958,0
6/4/2020 17:50,1.61E-05,822.0342311,18.90976028,0
6/4/2020 17:52,1.61E-05,85037.71031,17.35573624,0
6/4/2020 17:54,1.25E-05,82363.48296,13.81446679,0
6/4/2020 17:56,1.14E-05,691.3635816,12.10373701,0
6/4/2020 17:58,1.13E-05,86931.61632,12.82970787,0
6/4/2020 18:00,1.03E-05,169672.988,11.0125185,0
6/4/2020 18:02,1.20E-05,80331.94856,13.61746138,0
6/4/2020 18:04,1.30E-05,226.5159056,16.13427831,0
6/4/2020 18:06,1.36E-05,239.6633078,17.40292143,0
6/4/2020 18:08,2.03E-05,872.450914,23.88988045,0
6/4/2020 18:10,1.78E-05,81950.55323,19.29903402,0
6/4/2020 18:12,1.59E-05,77335.95786,16.35760624,0
6/4/2020 18:14,2.29E-05,367.8055829,23.55347911,0
6/4/2020 18:16,1.77E-05,288.5606776,20.43372645,0
6/4/2020 18:18,1.30E-05,210.6246492,16.19919912,0
6/4/2020 18:20,1.66E-05,267.754419,18.39904522,0
6/4/2020 18:22,1.37E-05,753.7725432,15.05943143,0
6/4/2020 18:24,1.49E-05,85570.93289,16.50211102,0
6/4/2020 18:26,2.15E-05,165961.1645,16.58237172,0
6/4/2020 18:28,1.69E-05,68998.40387,19.96571877,0
6/4/2020 18:30,1.38E-05,229.6379993,14.67570031,0
6/4/2020 18:32,1.50E-05,238.2196669,17.99866583,0
6/4/2020 18:34,2.35E-05,379.2699472,28.61290704,0
6/4/2020 18:36,2.35E-05,396.8223213,26.67240822,0
6/4/2020 18:38,1.43E-05,234.5732039,16.97421339,0
6/4/2020 18:40,1.76E-05,291.3654991,19.37821501,0
6/4/2020 18:42,2.02E-05,328.2007452,22.59513798,0
6/4/2020 18:44,1.47E-05,236.1643068,18.86591891,0
6/4/2020 18:46,1.34E-05,228.547743,16.73274254,0
6/4/2020 18:48,1.56E-05,262.7493746,17.87529792,0
6/4/2020 18:50,1.40E-05,224.1954974,14.77774533,0
6/4/2020 18:52,1.52E-05,254.1205666,17.80609465,0
6/4/2020 18:54,1.66E-05,286.0229453,19.59377266,0
6/4/2020 18:56,1.83E-05,310.2782185,21.5893588,0
6/4/2020 18:58,1.79E-05,298.2545564,22.16379443,0
6/4/2020 19:00,1.33E-05,218.0463135,15.34204815,0
6/4/2020 19:02,1.25E-05,199.6304043,12.89803939,0
6/4/2020 19:04,1.64E-05,81524.11874,16.53389077,0
6/4/2020 19:06,2.13E-05,79825.40027,22.67773929,0
6/4/2020 19:08,2.20E-05,354.107917,25.78336229,0
6/4/2020 19:10,1.87E-05,291.9536338,20.52516606,0
6/4/2020 19:12,1.92E-05,318.5785644,20.33828212,0
6/4/2020 19:14,2.42E-05,402.8208606,27.94572081,0
6/4/2020 19:16,2.19E-05,364.815572,26.17727812,0
6/4/2020 19:18,1.96E-05,302.6911629,22.66501019,0
6/4/2020 19:20,1.74E-05,259.2262872,19.25778402,0
6/4/2020 19:22,1.87E-05,301.3549692,21.13105724,0
6/4/2020 19:24,2.24E-05,366.1764646,26.05254261,0
6/4/2020 19:26,1.84E-05,296.0393177,20.3303179,0
6/4/2020 19:28,1.41E-05,224.2974907,15.54956892,0
6/4/2020 19:30,1.45E-05,232.5196659,15.26751105,0
6/4/2020 19:32,1.56E-05,233.1042332,17.66761387,0
6/4/2020 19:34,2.27E-05,358.7034033,26.36780471,0
6/4/2020 19:36,2.33E-05,395.9560156,27.97895388,0
6/4/2020 19:38,1.67E-05,284.0684715,19.229966,0
6/4/2020 19:40,1.78E-05,300.9486764,19.95506427,0
6/4/2020 19:42,2.23E-05,375.7014801,26.10067763,0
6/4/2020 19:44,2.41E-05,397.6843817,29.05400424,0
6/4/2020 19:46,1.68E-05,274.9627641,20.64192266,0
6/4/2020 19:48,1.27E-05,84321.11684,14.37026012,0
6/4/2020 19:50,1.67E-05,87479.82914,18.22465842,0
6/4/2020 19:52,1.49E-05,234.825838,17.78858196,0
6/4/2020 19:54,1.18E-05,204.8810988,12.83601444,0
6/4/2020 19:56,1.48E-05,241.1590302,15.72842821,0
6/4/2020 19:58,1.51E-05,247.6231163,19.08346321,0
6/4/2020 20:00,1.28E-05,208.6991967,15.23450348,0
6/4/2020 20:02,1.84E-05,169394.1391,18.95328982,0
6/4/2020 20:04,1.61E-05,169104.2519,16.6194445,0
6/4/2020 20:06,1.08E-05,171.2546409,12.2597733,0
6/4/2020 20:08,1.33E-05,209.7600176,14.62665829,0
6/4/2020 20:10,1.30E-05,208.6991967,13.32877604,0
6/4/2020 20:12,1.07E-05,173.0877313,12.75516466,0
6/4/2020 20:14,1.55E-05,235.2362043,19.18276451,0
6/4/2020 20:16,1.64E-05,251.85003,19.65056626,0
6/4/2020 20:18,1.08E-05,179.563923,10.23033815,0
6/4/2020 20:20,1.76E-05,297.2880661,20.5206384,0
6/4/2020 20:22,2.47E-05,415.1375743,26.84280348,0
6/4/2020 20:24,1.75E-05,302.2628913,21.04850649,0
6/4/2020 20:26,1.52E-05,263.435466,19.06505394,0
6/4/2020 20:28,1.45E-05,239.5461723,17.18331099,0
6/4/2020 20:30,1.30E-05,206.5316888,14.21847501,0
6/4/2020 20:32,1.33E-05,216.9739051,16.20684092,0
6/4/2020 20:34,1.40E-05,221.2048954,17.10660763,0
6/4/2020 20:36,1.83E-05,282.248029,20.26844466,0
6/4/2020 20:38,1.94E-05,312.2638792,22.40212299,0
6/4/2020 20:40,1.56E-05,260.0866109,18.44767886,0
6/4/2020 20:42,1.92E-05,319.6753297,20.38947408,0
6/4/2020 20:44,2.42E-05,924.4633602,27.97905516,0
6/4/2020 20:46,1.91E-05,86477.67301,24.22564458,0
6/4/2020 20:48,1.85E-05,86822.63528,21.42830164,0
6/4/2020 20:50,1.69E-05,273.3628097,20.52409905,0
6/4/2020 20:52,8.32E-06,141.7123285,10.99131955,0
6/4/2020 20:54,1.52E-05,255.2777766,15.71969375,0
6/4/2020 20:56,2.20E-05,362.3161018,24.78016307,0
6/4/2020 20:58,1.70E-05,278.3128642,19.9623897,0
6/4/2020 21:00,1.58E-05,271.1213708,19.37006938,0
6/4/2020 21:02,1.81E-05,813.9128223,21.290624,0
6/4/2020 21:04,1.56E-05,74176.9518,19.02007767,0
6/4/2020 21:06,1.63E-05,167729.479,19.42142012,0
6/4/2020 21:08,1.76E-05,81777.30364,18.20790113,0
6/4/2020 21:10,1.57E-05,84796.07676,18.95010248,0
6/4/2020 21:12,1.28E-05,79830.88007,16.21399276,0
6/4/2020 21:14,1.54E-05,252.6575511,16.63823232,0
6/4/2020 21:16,1.74E-05,287.3995202,20.14291719,0
6/4/2020 21:18,1.69E-05,277.9280922,19.53765238,0
6/4/2020 21:20,1.81E-05,302.9175038,20.9240635,0
6/4/2020 21:22,1.97E-05,317.5452913,22.47867285,0
6/4/2020 21:24,2.13E-05,342.6582787,23.04382579,0
6/4/2020 21:26,1.75E-05,299.0320281,19.56554295,0
6/4/2020 21:28,1.61E-05,771.5836443,16.89255215,0
6/4/2020 21:30,1.96E-05,81594.22331,24.37974673,0
6/4/2020 21:32,1.44E-05,89236.03148,19.4510668,0
6/4/2020 21:34,1.54E-05,255.2608072,17.44322125,0
6/4/2020 21:36,1.98E-05,329.6115235,24.06299776,0
6/4/2020 21:38,1.72E-05,269.4559568,17.28889455,0
6/4/2020 21:40,1.92E-05,300.8225617,20.83935627,0
6/4/2020 21:42,1.67E-05,269.4949601,14.92197837,0
6/4/2020 21:44,1.37E-05,217.0694322,16.37638583,0
6/4/2020 21:46,1.42E-05,219.42827,15.39859168,0
6/4/2020 21:48,1.31E-05,202.7087217,14.80146836,0
6/4/2020 21:50,1.62E-05,254.8235645,16.88592022,0
6/4/2020 21:52,1.91E-05,85754.13992,20.33157309,0
6/4/2020 21:54,1.70E-05,83460.47349,20.92881734,0
6/4/2020 21:56,1.40E-05,218.8753699,15.63615265,0
6/4/2020 21:58,1.89E-05,309.1191145,21.0759383,0
6/4/2020 22:00,1.79E-05,308.2467546,21.33848198,0
6/4/2020 22:02,1.22E-05,207.3801548,14.38831043,0
6/4/2020 22:04,1.72E-05,268.7201187,19.84997215,0
6/4/2020 22:06,2.03E-05,309.2578533,22.33218926,0
6/4/2020 22:08,2.08E-05,83900.17819,20.8899746,0
6/4/2020 22:10,2.18E-05,78973.70521,24.93394428,0
6/4/2020 22:12,2.34E-05,378.0402165,27.34134069,0
6/4/2020 22:14,1.88E-05,311.4473634,19.44194729,0
6/4/2020 22:16,1.12E-05,187.7669749,13.46996539,0
6/4/2020 22:18,8.81E-06,150.8056961,12.24091892,0
6/4/2020 22:20,1.28E-05,215.0949837,13.76060895,0
6/4/2020 22:22,2.01E-05,338.0890868,22.33399841,0
6/4/2020 22:24,1.96E-05,326.8015574,23.22016021,0
6/4/2020 22:26,1.68E-05,276.978995,20.33513775,0
6/4/2020 22:28,1.85E-05,83600.22924,21.80164232,0
6/4/2020 22:30,1.83E-05,81481.11423,20.26793916,0
6/4/2020 22:32,1.37E-05,221.1516098,15.28524538,0
6/4/2020 22:34,1.59E-05,256.3215462,17.37956927,0
6/4/2020 22:36,2.29E-05,353.5784423,25.58094122,0
6/4/2020 22:38,1.98E-05,306.7874516,23.10954629,0
6/4/2020 22:40,1.85E-05,289.1142058,21.5627376,0
6/4/2020 22:42,2.13E-05,329.9388657,23.94666463,0
6/4/2020 22:44,1.68E-05,255.6133848,17.89372428,0
6/4/2020 22:46,1.85E-05,1387.487454,11.562152,0
6/4/2020 22:48,2.13E-05,164769.7937,13.70533143,0
6/4/2020 22:50,1.51E-05,169833.3908,16.03191199,0
6/4/2020 22:52,1.13E-05,182.2282925,12.94770101,0
6/4/2020 22:54,9.44E-06,160.3472799,11.76862797,0
6/4/2020 22:56,1.46E-05,241.5911039,17.58300069,0
6/4/2020 22:58,1.67E-05,267.6609648,19.3418122,0
6/4/2020 23:00,1.31E-05,214.6797406,15.05434123,0
6/4/2020 23:02,1.65E-05,286.44233,19.05971515,0
6/4/2020 23:04,1.77E-05,304.4019056,20.77763546,0
6/4/2020 23:06,1.78E-05,83838.74582,22.69681742,0
6/4/2020 23:08,1.53E-05,91861.95188,18.32032761,0
6/4/2020 23:10,1.21E-05,203.8588516,13.61296165,0
6/4/2020 23:12,1.76E-05,76460.07932,17.38445696,0
6/4/2020 23:14,1.75E-05,81866.70584,18.2089831,0
6/4/2020 23:16,1.54E-05,261.7642673,19.99657821,0
6/4/2020 23:18,1.53E-05,253.0915562,18.72752283,0
6/4/2020 23:20,9.78E-06,170.5764033,12.38733026,0
6/4/2020 23:22,7.06E-06,121.8835152,9.46243382,0
6/4/2020 23:24,1.13E-05,197.8729878,16.23657391,0
6/4/2020 23:26,1.26E-05,225.5095861,16.36465305,0
6/4/2020 23:28,9.04E-06,155.0330412,12.4990935,0
6/4/2020 23:30,9.96E-06,166.8962033,11.87292325,0
6/4/2020 23:32,9.42E-06,155.5443038,10.80295347,0
6/4/2020 23:34,1.48E-05,249.267695,17.47795712,0
6/4/2020 23:36,1.67E-05,285.596748,20.69558232,0
6/4/2020 23:38,1.33E-05,231.5080107,15.57076885,0
6/4/2020 23:40,1.26E-05,210.5786285,15.18615814,0
6/4/2020 23:42,1.28E-05,219.6763108,15.85401582,0
6/4/2020 23:44,1.16E-05,190.8295427,14.49865934,0
6/4/2020 23:46,1.52E-05,248.8648377,17.9949654,0
6/4/2020 23:48,1.60E-05,271.1314658,18.71710896,0
6/4/2020 23:50,1.60E-05,254.6704082,18.64893062,0
6/4/2020 23:52,1.94E-05,316.0534472,23.86892646,0
6/4/2020 23:54,2.23E-05,376.2137196,25.81360886,0
6/4/2020 23:56,1.52E-05,252.1329115,14.00570898,0
6/4/2020 23:58,1.22E-05,213.8465307,15.00554797,0
6/5/2020 0:00,1.52E-05,263.73591,13.51160447,0
6/5/2020 0:02,1.74E-05,279.653676,21.5569469,0
6/5/2020 0:04,1.89E-05,310.0759545,22.19745749,0
6/5/2020 0:06,1.42E-05,243.6427445,15.36572415,0
6/5/2020 0:08,1.20E-05,202.5800602,14.81519389,0
6/5/2020 0:10,1.67E-05,279.7297189,20.14626286,0
6/5/2020 0:12,1.99E-05,332.5215132,22.22486479,0
6/5/2020 0:14,1.72E-05,282.2163561,21.63744153,0
6/5/2020 0:16,1.79E-05,301.1715495,21.94305732,0
6/5/2020 0:18,1.76E-05,82808.08673,17.49613312,0
6/5/2020 0:20,1.91E-05,164642.5102,19.97207577,0
6/5/2020 0:22,1.77E-05,82901.37396,12.34285947,0
6/5/2020 0:24,1.24E-05,198.3377941,13.02337986,0
6/5/2020 0:26,1.25E-05,198.9282997,15.87994659,0
6/5/2020 0:28,1.21E-05,196.8048048,15.39649636,0
6/5/2020 0:30,1.22E-05,205.0306595,14.83767385,0
6/5/2020 0:32,1.34E-05,222.7176336,15.44822023,0
6/5/2020 0:34,1.25E-05,215.3918965,16.12440398,0
6/5/2020 0:36,1.20E-05,204.6558881,15.46371102,0
6/5/2020 0:38,2.28E-05,404.0327652,22.53063699,0
6/5/2020 0:40,2.57E-05,458.9203388,23.89174018,0
6/5/2020 0:42,1.63E-05,270.6790519,18.64458258,0
6/5/2020 0:44,1.64E-05,284.7175459,20.028449,0
6/5/2020 0:46,1.89E-05,354.2756411,21.19806868,0
6/5/2020 0:48,1.88E-05,345.3722702,20.13160087,0
6/5/2020 0:50,1.80E-05,330.7071892,21.43927847,0
6/5/2020 0:52,1.67E-05,83490.81397,20.28041853,0
6/5/2020 0:54,1.26E-05,168910.4038,13.57901656,0
6/5/2020 0:56,9.27E-06,84418.42882,10.46988431,0
6/5/2020 0:58,1.16E-05,201.5095175,13.4170626,0
6/5/2020 1:00,1.53E-05,273.7167439,15.76539692,0
6/5/2020 1:02,1.48E-05,254.4520832,16.83048058,0
6/5/2020 1:04,1.23E-05,220.0212385,11.77841506,0
6/5/2020 1:06,1.40E-05,262.7297121,16.83563066,0
6/5/2020 1:08,1.53E-05,276.1049718,15.53145903,0
6/5/2020 1:10,1.40E-05,253.8727578,17.04070883,0
6/5/2020 1:12,1.55E-05,300.2194561,18.6752142,0
6/5/2020 1:14,1.70E-05,318.5135163,18.23254217,0
6/5/2020 1:16,1.38E-05,237.3765389,15.54472948,0
6/5/2020 1:18,1.76E-05,320.0171062,19.90057873,0
6/5/2020 1:20,2.26E-05,419.1798723,22.0555095,0
6/5/2020 1:22,1.88E-05,321.8394607,21.24092601,0
6/5/2020 1:24,1.53E-05,81294.42202,15.3035943,0
6/5/2020 1:26,1.76E-05,81484.11894,17.01878929,0
6/5/2020 1:28,1.74E-05,313.9489797,17.09381276,0
6/5/2020 1:30,1.14E-05,199.1707114,14.15386138,0
6/5/2020 1:32,1.65E-05,303.4866807,17.38976683,0
6/5/2020 1:34,2.02E-05,383.5789622,23.19858791,0
6/5/2020 1:36,1.89E-05,353.5526077,24.59905043,0
6/5/2020 1:38,1.88E-05,338.1801169,19.70660907,0
6/5/2020 1:40,1.44E-05,253.8915103,15.36413073,0
6/5/2020 1:42,1.39E-05,259.8808879,13.86628038,0
6/5/2020 1:44,1.55E-05,297.2005139,18.50696788,0
6/5/2020 1:46,9.43E-06,178.2467972,14.65668178,0
6/5/2020 1:48,1.51E-05,268.8358623,18.84089998,0
6/5/2020 1:50,1.93E-05,353.6245945,22.12317137,0
6/5/2020 1:52,1.93E-05,334.8812872,21.92867113,0
6/5/2020 1:54,1.83E-05,322.2686013,21.07861755,0
6/5/2020 1:56,1.33E-05,257.1329922,14.56984568,0
6/5/2020 1:58,1.26E-05,230.2357357,14.55822654,0
6/5/2020 2:00,1.50E-05,273.7903321,18.09058653,0
6/5/2020 2:02,1.58E-05,302.2995649,19.17467363,0
6/5/2020 2:04,1.31E-05,248.4413925,15.70136878,0
6/5/2020 2:06,1.52E-05,819.2,17.28598022,0
6/5/2020 2:08,1.92E-05,81848.44211,21.57565326,0
6/5/2020 2:10,1.50E-05,83296.27242,17.09656282,0
6/5/2020 2:12,1.46E-05,257.7927336,16.28723298,0
6/5/2020 2:14,1.72E-05,313.8456823,19.03530001,0
6/5/2020 2:16,1.35E-05,252.268528,15.58719191,0
6/5/2020 2:18,1.41E-05,244.5602573,15.82811285,0
6/5/2020 2:20,1.52E-05,89662.88422,17.70420475,0
6/5/2020 2:22,1.73E-05,168340.0781,18.93479902,0
6/5/2020 2:24,1.93E-05,81209.07991,20.01239706,0
6/5/2020 2:26,1.63E-05,304.2299551,17.56540508,0
6/5/2020 2:28,1.65E-05,288.0021177,18.85605516,0
6/5/2020 2:30,1.50E-05,265.3411128,18.78909075,0
6/5/2020 2:32,1.47E-05,286.968312,17.67207421,0
6/5/2020 2:34,1.49E-05,291.9311426,17.65202049,0
6/5/2020 2:36,1.56E-05,293.0565726,18.16249099,0
6/5/2020 2:38,2.03E-05,360.5806937,22.51226496,0
6/5/2020 2:40,1.76E-05,297.972493,18.13819273,0
6/5/2020 2:42,1.27E-05,224.6978597,14.61764384,0
6/5/2020 2:44,1.64E-05,308.608636,19.47866172,0
6/5/2020 2:46,1.79E-05,338.3054991,21.61956177,0
6/5/2020 2:48,1.84E-05,339.8154908,20.63149269,0
6/5/2020 2:50,1.63E-05,280.200235,19.50442493,0
6/5/2020 2:52,1.17E-05,190.1225399,14.38461089,0
6/5/2020 2:54,1.60E-05,283.9662374,17.60577831,0
6/5/2020 2:56,1.76E-05,324.0438865,13.70979526,0
6/5/2020 2:58,2.26E-05,393.1870067,26.20484694,0
6/5/2020 3:00,2.92E-05,514.9967483,31.47411991,0
6/5/2020 3:02,2.27E-05,418.0291396,24.98449989,0
6/5/2020 3:04,1.89E-05,339.0405715,22.02598416,0
6/5/2020 3:06,1.69E-05,290.2121592,18.11297585,0
6/5/2020 3:08,1.35E-05,228.31752,14.42859485,0
6/5/2020 3:10,1.66E-05,295.7009301,18.14713209,0
6/5/2020 3:12,2.07E-05,376.8433412,24.26878144,0
6/5/2020 3:14,1.97E-05,351.7029889,23.31854771,0
6/5/2020 3:16,1.90E-05,81864.38234,20.27915024,0
6/5/2020 3:18,1.72E-05,83343.14495,19.019428,0
6/5/2020 3:20,1.71E-05,292.2988483,18.39903934,0
6/5/2020 3:22,1.30E-05,217.9829373,10.23232146,0
6/5/2020 3:24,1.65E-05,811.5209827,16.58096944,0
6/5/2020 3:26,2.06E-05,80449.90346,17.51546144,0
6/5/2020 3:28,1.90E-05,84785.31706,23.01828297,0
6/5/2020 3:30,1.69E-05,308.1655855,18.66329565,0
6/5/2020 3:32,1.86E-05,335.3954366,21.5459402,0
6/5/2020 3:34,1.78E-05,308.2531984,19.78646378,0
6/5/2020 3:36,1.67E-05,282.4803234,17.27222457,0
6/5/2020 3:38,2.28E-05,399.2998012,24.98196591,0
6/5/2020 3:40,2.06E-05,369.1329603,23.32341127,0
6/5/2020 3:42,1.81E-05,323.9346337,18.22357019,0
6/5/2020 3:44,1.67E-05,284.5037161,18.82117799,0
6/5/2020 3:46,1.98E-05,341.8018868,18.67392236,0
6/5/2020 3:48,1.89E-05,342.07878,21.50210903,0
6/5/2020 3:50,1.68E-05,316.1366849,19.66890409,0
6/5/2020 3:52,1.60E-05,313.7415105,18.86172508,0
6/5/2020 3:54,8.99E-06,166.240513,9.730447169,0
6/5/2020 3:56,1.07E-05,182.962584,12.40945785,0
6/5/2020 3:58,1.62E-05,269.3913239,16.66093057,0
6/5/2020 4:00,1.45E-05,225.6816265,12.73014991,0
6/5/2020 4:02,1.56E-05,257.8707139,16.38256756,0
6/5/2020 4:04,2.01E-05,348.938744,21.2712099,0
6/5/2020 4:06,1.74E-05,318.1396288,21.28941555,0
6/5/2020 4:08,1.00E-05,181.2637287,12.20477361,0
6/5/2020 4:10,1.33E-05,226.5245783,14.30595134,0
6/5/2020 4:12,1.73E-05,309.537463,19.39612499,0
6/5/2020 4:14,1.64E-05,80512.79979,16.97823,0
6/5/2020 4:16,1.64E-05,80738.65705,16.48904082,0
6/5/2020 4:18,1.50E-05,254.8161666,16.43051381,0
6/5/2020 4:20,1.84E-05,333.9570568,21.25285493,0
6/5/2020 4:22,1.58E-05,300.3411792,18.57413249,0
6/5/2020 4:24,1.43E-05,274.438861,18.02574056,0
6/5/2020 4:26,1.73E-05,321.6425991,21.49922688,0
6/5/2020 4:28,2.19E-05,391.6150776,24.52492055,0
6/5/2020 4:30,1.80E-05,321.3437772,19.22988224,0
6/5/2020 4:32,1.18E-05,205.0349359,12.30716782,0
6/5/2020 4:34,2.03E-05,370.9625629,20.86057001,0
6/5/2020 4:36,2.50E-05,458.7661368,28.76316798,0
6/5/2020 4:38,1.81E-05,323.3961919,21.65320781,0
6/5/2020 4:40,1.72E-05,308.6059725,17.6115022,0
6/5/2020 4:42,1.97E-05,334.2538945,21.15275471,0
6/5/2020 4:44,1.61E-05,258.2170353,18.39763871,0
6/5/2020 4:46,1.40E-05,235.2207656,15.61262681,0
6/5/2020 4:48,1.61E-05,295.8167119,19.18334953,0
6/5/2020 4:50,1.34E-05,232.3271988,15.37080363,0
6/5/2020 4:52,1.20E-05,211.6659131,13.25494297,0
6/5/2020 4:54,1.62E-05,304.5529275,19.09641555,0
6/5/2020 4:56,1.92E-05,350.5734478,22.59293533,0
6/5/2020 4:58,1.99E-05,359.6940812,21.55061014,0
6/5/2020 5:00,1.91E-05,341.1670144,20.12785174,0
6/5/2020 5:02,1.88E-05,342.5737357,21.23070451,0
6/5/2020 5:04,2.23E-05,405.471245,25.76855297,0
6/5/2020 5:06,2.06E-05,366.795021,24.42595701,0
6/5/2020 5:08,1.18E-05,194.7701489,12.65985065,0
6/5/2020 5:10,1.20E-05,193.6421764,11.20251457,0
6/5/2020 5:12,2.49E-05,83593.60277,16.79331074,0
6/5/2020 5:14,2.69E-05,162960.1443,17.29270694,0
6/5/2020 5:16,1.78E-05,84865.06636,18.53350241,0
6/5/2020 5:18,2.18E-05,403.4310136,25.13994739,0
6/5/2020 5:20,2.10E-05,372.4313512,24.97993204,0
6/5/2020 5:22,1.71E-05,299.4614179,20.3562118,0
6/5/2020 5:24,1.41E-05,252.7490158,15.35422098,0
6/5/2020 5:26,1.26E-05,241.7252601,14.29182642,0
6/5/2020 5:28,1.76E-05,336.2986621,21.66730501,0
6/5/2020 5:30,2.52E-05,436.2675831,21.36466924,0
6/5/2020 5:32,2.67E-05,432.5292401,18.77801452,0
6/5/2020 5:34,1.48E-05,239.6262526,16.11093758,0
6/5/2020 5:36,1.07E-05,180.1303322,13.74223696,0
6/5/2020 5:38,1.31E-05,222.9619673,15.07644878,0
6/5/2020 5:40,1.48E-05,242.2644698,17.99489128,0
6/5/2020 5:42,1.73E-05,291.4228796,20.77845343,0
6/5/2020 5:44,1.67E-05,296.2845084,20.67740552,0
6/5/2020 5:46,1.54E-05,269.1107388,18.83702225,0
6/5/2020 5:48,1.93E-05,323.624979,19.82943179,0
6/5/2020 5:50,1.92E-05,304.5013567,24.12502281,0
6/5/2020 5:52,1.28E-05,215.8525499,18.02373151,0
6/5/2020 5:54,1.18E-05,203.0881363,14.74508073,0
6/5/2020 5:56,1.67E-05,281.2868615,19.73923967,0
6/5/2020 5:58,1.56E-05,274.2872449,17.97450001,0
6/5/2020 6:00,1.83E-05,318.2504079,21.94809949,0
6/5/2020 6:02,1.60E-05,269.5568123,18.60587649,0
6/5/2020 6:04,1.14E-05,184.9771734,12.75333865,0
6/5/2020 6:06,1.67E-05,288.5463285,17.87304414,0
6/5/2020 6:08,1.75E-05,308.0189681,20.79050363,0
6/5/2020 6:10,1.76E-05,311.0256151,23.37754619,0
6/5/2020 6:12,2.26E-05,77924.72879,26.27686206,0
6/5/2020 6:14,1.89E-05,79147.08238,23.9052253,0
6/5/2020 6:16,1.61E-05,256.8733695,17.79767522,0
6/5/2020 6:18,1.49E-05,249.3510461,19.08448629,0
6/5/2020 6:20,1.56E-05,245.7076994,18.22503282,0
6/5/2020 6:22,1.18E-05,203.7405491,17.49307154,0
6/5/2020 6:24,1.43E-05,259.791879,17.72514864,0
6/5/2020 6:26,1.21E-05,209.9086518,13.57359163,0
6/5/2020 6:28,1.12E-05,190.1931649,13.09643702,0
6/5/2020 6:30,1.07E-05,170.5984273,11.07432839,0
6/5/2020 6:32,1.05E-05,166.4749658,12.30937277,0
6/5/2020 6:34,1.70E-05,279.3055868,19.90625683,0
6/5/2020 6:36,1.58E-05,261.8479373,19.02502924,0
6/5/2020 6:38,9.87E-06,176.5174858,12.24958963,0
6/5/2020 6:40,1.33E-05,238.1929502,16.51429742,0
6/5/2020 6:42,1.42E-05,245.516794,17.51233101,0
6/5/2020 6:44,1.15E-05,195.0058321,13.99118985,0
6/5/2020 6:46,1.21E-05,199.3276261,13.33572116,0
6/5/2020 6:48,1.61E-05,88603.6909,18.05390417,0
6/5/2020 6:50,1.91E-05,174826.2441,21.20656298,0
6/5/2020 6:52,1.76E-05,82235.38241,20.53678804,0
6/5/2020 6:54,1.35E-05,230.5740628,17.47788521,0
6/5/2020 6:56,1.47E-05,248.631193,17.49415214,0
6/5/2020 6:58,1.67E-05,300.2285172,19.89423215,0
6/5/2020 7:00,1.84E-05,330.1051727,21.8531057,0
6/5/2020 7:02,1.80E-05,313.6974586,21.15599751,0
6/5/2020 7:04,1.31E-05,220.1640646,15.60651257,0
6/5/2020 7:06,1.00E-05,166.1710475,12.18548555,0
6/5/2020 7:08,1.35E-05,222.0822715,16.09878838,0
6/5/2020 7:10,1.67E-05,83176.58899,20.02551866,0
6/5/2020 7:12,1.59E-05,84844.29089,19.52469,0
6/5/2020 7:14,1.62E-05,296.2708462,20.32967768,0
6/5/2020 7:16,1.64E-05,288.584596,20.60792088,0
6/5/2020 7:18,1.35E-05,224.4471408,15.92813707,0
6/5/2020 7:20,1.58E-05,79668.51306,16.21401191,0
6/5/2020 7:22,1.57E-05,82679.22118,16.82970087,0
6/5/2020 7:24,1.02E-05,175.112331,12.29448877,0
6/5/2020 7:26,1.44E-05,219.2872998,15.75302303,0
6/5/2020 7:28,1.47E-05,233.395063,17.83255533,0
6/5/2020 7:30,1.15E-05,194.8106416,13.62268058,0
6/5/2020 7:32,1.47E-05,252.8270209,17.04210379,0
6/5/2020 7:34,1.52E-05,263.7057003,18.1855948,0
6/5/2020 7:36,1.61E-05,268.6430117,17.50769735,0
6/5/2020 7:38,1.62E-05,272.8099044,19.08321696,0
6/5/2020 7:40,9.74E-06,174.0675107,14.88157709,0
6/5/2020 7:42,1.04E-05,191.1509531,14.2547639,0
6/5/2020 7:44,1.44E-05,249.2838046,16.87886561,0
6/5/2020 7:46,1.86E-05,841.8085731,21.15889225,0
6/5/2020 7:48,1.78E-05,79173.53197,21.40502156,0
6/5/2020 7:50,1.31E-05,80077.76748,16.07815861,0
6/5/2020 7:52,1.43E-05,233.7365898,17.54601227,0
6/5/2020 7:54,1.48E-05,246.219375,18.54422588,0
6/5/2020 7:56,1.70E-05,289.9279677,20.4196424,0
6/5/2020 7:58,1.88E-05,327.9962574,23.29745381,0
6/5/2020 8:00,1.68E-05,806.6135365,20.20968817,0
6/5/2020 8:02,1.63E-05,81989.74334,19.74576717,0
6/5/2020 8:04,1.29E-05,85756.22445,16.98382774,0
6/5/2020 8:06,1.10E-05,191.3660998,12.88460127,0
6/5/2020 8:08,1.41E-05,247.3838274,17.50951111,0
6/5/2020 8:10,1.69E-05,292.486632,22.40767978,0
6/5/2020 8:12,1.68E-05,292.6796463,19.63595891,0
6/5/2020 8:14,1.56E-05,271.4144313,17.186676,0
6/5/2020 8:16,1.61E-05,278.2100754,19.61205935,0
6/5/2020 8:18,1.66E-05,282.1016639,20.54424833,0
6/5/2020 8:20,1.76E-05,300.1367811,19.63552812,0
6/5/2020 8:22,1.64E-05,283.8235804,19.40701682,0
6/5/2020 8:24,2.30E-05,82465.04646,23.54692195,0
6/5/2020 8:26,2.50E-05,68861.14969,25.29973413,0
6/5/2020 8:28,1.97E-05,337.530197,24.58934127,0
6/5/2020 8:30,2.21E-05,383.8833082,26.99227712,0
6/5/2020 8:32,2.16E-05,374.7603249,25.41903638,0
6/5/2020 8:34,1.78E-05,304.1458686,20.97867334,0
6/5/2020 8:36,1.31E-05,229.0354771,15.28607745,0
6/5/2020 8:38,1.43E-05,253.6099526,19.09875703,0
6/5/2020 8:40,1.83E-05,315.6867111,22.70085302,0
6/5/2020 8:42,1.61E-05,279.7600633,19.14902,0
6/5/2020 8:44,1.37E-05,241.2079241,16.75366744,0
6/5/2020 8:46,1.71E-05,291.4509344,19.38197111,0
6/5/2020 8:48,1.64E-05,272.8961066,19.20590027,0
6/5/2020 8:50,1.25E-05,206.8051482,15.16500786,0
6/5/2020 8:52,1.52E-05,262.4844598,18.28893507,0
6/5/2020 8:54,1.14E-05,198.1791644,14.17473407,0
6/5/2020 8:56,1.02E-05,82027.44065,12.60583741,0
6/5/2020 8:58,2.05E-05,86392.99237,24.95178248,0
6/5/2020 9:00,1.99E-05,329.5741843,25.79515459,0
6/5/2020 9:02,1.41E-05,250.0447671,17.50965545,0
6/5/2020 9:04,1.33E-05,236.5715606,15.18792183,0
6/5/2020 9:06,1.06E-05,181.2084694,13.07012065,0
6/5/2020 9:08,9.34E-06,158.1711461,10.78383642,0
6/5/2020 9:10,1.01E-05,165.7527872,11.38894611,0
6/5/2020 9:12,1.48E-05,254.3151621,18.62755506,0
6/5/2020 9:14,1.97E-05,344.5578203,24.58893871,0
6/5/2020 9:16,1.77E-05,307.66406,19.62033794,0
6/5/2020 9:18,1.24E-05,222.4478116,14.94828048,0
6/5/2020 9:20,1.48E-05,262.0507099,20.36852107,0
6/5/2020 9:22,2.00E-05,361.8953055,27.54574707,0
6/5/2020 9:24,2.03E-05,362.6995003,25.77069907,0
6/5/2020 9:26,2.00E-05,83079.35996,19.7983517,0
6/5/2020 9:28,1.94E-05,80687.83618,20.12994395,0
6/5/2020 9:30,1.59E-05,264.4030597,20.3219165,0
6/5/2020 9:32,1.90E-05,337.8980366,22.98424935,0
6/5/2020 9:34,2.26E-05,401.0820206,26.69247869,0
6/5/2020 9:36,1.90E-05,339.4789297,24.44332419,0
6/5/2020 9:38,1.44E-05,250.1669408,18.51588093,0
6/5/2020 9:40,1.29E-05,221.7280866,15.04357255,0
6/5/2020 9:42,1.42E-05,244.0305208,17.48921418,0
6/5/2020 9:44,1.70E-05,305.6171578,21.83622829,0
6/5/2020 9:46,1.86E-05,326.4062901,22.26068456,0
6/5/2020 9:48,2.11E-05,351.2894622,24.51852559,0
6/5/2020 9:50,1.97E-05,334.7121427,24.36521079,0
6/5/2020 9:52,1.60E-05,264.1079064,19.46862988,0
6/5/2020 9:54,1.97E-05,842.4834928,21.70359938,0
6/5/2020 9:56,1.61E-05,87692.43437,18.50041973,0
6/5/2020 9:58,1.56E-05,89673.69674,20.22305094,0
6/5/2020 10:00,1.75E-05,295.3538494,22.85357688,0
6/5/2020 10:02,1.57E-05,269.1825863,19.90665373,0
6/5/2020 10:04,1.86E-05,318.6763314,21.67793869,0
6/5/2020 10:06,1.53E-05,253.0050527,15.94208512,0
6/5/2020 10:08,1.38E-05,236.6731052,16.43582339,0
6/5/2020 10:10,1.23E-05,214.2699057,16.11855037,0
6/5/2020 10:12,1.17E-05,200.8852487,13.84251253,0
6/5/2020 10:14,1.38E-05,233.4074128,15.69643511,0
6/5/2020 10:16,1.54E-05,250.3066413,16.79386155,0
6/5/2020 10:18,1.41E-05,238.9099018,16.55866258,0
6/5/2020 10:20,1.31E-05,221.4118498,17.57821998,0
6/5/2020 10:22,2.03E-05,351.3223191,24.61755161,0
6/5/2020 10:24,2.10E-05,378.6556054,25.7580452,0
6/5/2020 10:26,1.79E-05,80393.53202,19.77096115,0
6/5/2020 10:28,1.44E-05,82498.66526,15.18144781,0
6/5/2020 10:30,1.60E-05,286.6776729,19.95020775,0
6/5/2020 10:32,1.66E-05,283.212332,22.29195885,0
6/5/2020 10:34,1.93E-05,327.6413728,22.64140985,0
6/5/2020 10:36,2.05E-05,358.3583408,23.30477476,0
6/5/2020 10:38,1.68E-05,287.1398999,22.52268969,0
6/5/2020 10:40,1.57E-05,268.082565,19.08828956,0
6/5/2020 10:42,1.26E-05,219.4065705,15.1612787,0
6/5/2020 10:44,1.42E-05,244.8296473,17.56617603,0
6/5/2020 10:46,1.98E-05,345.4368351,23.95703559,0
6/5/2020 10:48,2.32E-05,400.2622161,28.53041678,0
6/5/2020 10:50,2.21E-05,375.3352993,26.48809143,0
6/5/2020 10:52,1.64E-05,284.7732191,18.15949949,0
6/5/2020 10:54,1.33E-05,234.8094916,16.53790588,0
6/5/2020 10:56,1.61E-05,259.4344664,20.40411459,0
6/5/2020 10:58,1.44E-05,229.5310924,16.14848811,0
6/5/2020 11:00,1.45E-05,234.8893222,17.85489118,0
6/5/2020 11:02,1.31E-05,220.6805089,16.41449066,0
6/5/2020 11:04,1.32E-05,222.5352659,15.38347816,0
6/5/2020 11:06,1.79E-05,294.5167239,21.59911406,0
6/5/2020 11:08,1.60E-05,280.6200223,19.1970112,0
6/5/2020 11:10,1.28E-05,218.5824651,15.59462306,0
6/5/2020 11:12,1.17E-05,201.4409718,14.24155492,0
6/5/2020 11:14,1.43E-05,259.6008805,18.21224071,0
6/5/2020 11:16,1.41E-05,255.9690704,18.06389849,0
6/5/2020 11:18,1.23E-05,214.9506301,14.84320203,0
6/5/2020 11:20,1.31E-05,226.2483429,15.67193527,0
6/5/2020 11:22,1.32E-05,224.6523559,15.43368934,0
6/5/2020 11:24,1.40E-05,241.4443546,16.65499132,0
6/5/2020 11:26,1.47E-05,255.2024922,18.80762957,0
6/5/2020 11:28,1.48E-05,251.4045346,19.00020816,0
6/5/2020 11:30,1.30E-05,226.0485651,16.52502361,0
6/5/2020 11:32,1.59E-05,88014.47227,16.88199828,0
6/5/2020 11:34,1.52E-05,86031.11625,15.86730091,0
6/5/2020 11:36,1.41E-05,78251.93062,19.18076574,0
6/5/2020 11:38,1.58E-05,77034.20407,21.54744015,0
6/5/2020 11:40,1.49E-05,264.1705758,18.28357264,0
6/5/2020 11:42,1.65E-05,284.5358318,18.07590348,0
6/5/2020 11:44,1.58E-05,278.0264403,18.61567242,0
6/5/2020 11:46,1.69E-05,299.7743398,20.77678827,0
6/5/2020 11:48,1.64E-05,293.4542573,20.83898363,0
6/5/2020 11:50,1.60E-05,296.8065336,22.2248938,0
6/5/2020 11:52,1.71E-05,86626.4691,22.09324265,0
6/5/2020 11:54,1.79E-05,78908.25187,20.89078367,0
6/5/2020 11:56,1.66E-05,270.4911665,19.71063278,0
6/5/2020 11:58,1.37E-05,225.8108291,16.35038558,0
6/5/2020 12:00,1.60E-05,267.3431469,17.19658807,0
6/5/2020 12:02,1.81E-05,293.8517828,21.66735977,0
6/5/2020 12:04,1.85E-05,296.5474066,22.07397633,0
6/5/2020 12:06,1.37E-05,234.2196626,16.35428373,0
6/5/2020 12:08,1.10E-05,195.3266571,13.72940803,0
6/5/2020 12:10,1.50E-05,805.4547398,17.62567021,0
6/5/2020 12:12,1.57E-05,86784.32426,19.25610536,0
6/5/2020 12:14,1.50E-05,83854.28876,18.52636216,0
6/5/2020 12:16,1.68E-05,286.1959038,21.13837695,0
6/5/2020 12:18,1.50E-05,267.5445472,19.34275876,0
6/5/2020 12:20,1.45E-05,256.495959,17.45030657,0
6/5/2020 12:22,1.71E-05,288.7127596,19.03430386,0
6/5/2020 12:24,1.52E-05,253.8895432,16.79336804,0
6/5/2020 12:26,1.30E-05,224.8762606,15.93714637,0
6/5/2020 12:28,1.58E-05,257.2433428,17.68621949,0
6/5/2020 12:30,1.44E-05,236.3636364,14.98090986,0
6/5/2020 12:32,1.12E-05,195.9597651,13.60272564,0
6/5/2020 12:34,1.43E-05,253.4977004,17.68844044,0
6/5/2020 12:36,2.02E-05,78552.30001,23.21653309,0
6/5/2020 12:38,1.98E-05,85475.2111,22.95753743,0
6/5/2020 12:40,1.82E-05,317.6438656,21.40420066,0
6/5/2020 12:42,1.82E-05,318.5930553,23.41937592,0
6/5/2020 12:44,1.70E-05,316.1293366,23.20801576,0
6/5/2020 12:46,1.76E-05,312.5712909,21.46508512,0
6/5/2020 12:48,1.58E-05,271.2111305,19.92020576,0
6/5/2020 12:50,1.58E-05,281.6139634,18.94006287,0
6/5/2020 12:52,1.86E-05,318.3207012,21.79462755,0
6/5/2020 12:54,1.94E-05,329.3028042,22.47182139,0
6/5/2020 12:56,1.85E-05,319.3067682,21.3074816,0
6/5/2020 12:58,1.60E-05,271.6585697,19.27324515,0
6/5/2020 13:00,1.22E-05,202.1859047,12.96322896,0
6/5/2020 13:02,1.28E-05,215.3235231,16.5958379,0
6/5/2020 13:04,1.35E-05,232.613406,17.97890207,0
6/5/2020 13:06,1.38E-05,220.5141797,16.0667999,0
6/5/2020 13:08,1.59E-05,255.5145224,18.40897501,0
6/5/2020 13:10,1.68E-05,270.7696376,20.34391896,0
6/5/2020 13:12,2.01E-05,445.9300896,23.74512193,0
6/5/2020 13:14,2.15E-05,996.8830326,26.48933109,0
6/5/2020 13:16,0.000821851,84312.90324,535.2348302,1
6/5/2020 13:18,0.002877368,86741.01726,2005.009647,1
6/5/2020 13:20,0.005313174,13933.56832,3786.852465,1
6/5/2020 13:22,0.0077437,92216.46437,5486.836377,1
6/5/2020 13:24,0.009685822,96826.71806,6860.822514,1
6/5/2020 13:26,0.010448776,95398.11002,7408.647774,1
6/5/2020 13:28,0.010389604,92901.29741,7413.213934,1
6/5/2020 13:30,0.010302247,96480.77843,7406.439522,1
6/5/2020 13:32,0.0102881,96161.84526,7401.76615,1
6/5/2020 13:34,0.010130133,30925.76315,7422.382954,1
6/5/2020 13:36,0.01031136,96088.26321,7428.845919,1
6/5/2020 13:38,0.010382415,95951.55145,7450.336452,1
6/5/2020 13:40,0.010332521,95505.54052,7439.246294,1
6/5/2020 13:42,0.010319414,92803.22501,7425.929463,1
6/5/2020 13:44,0.010312799,98331.38082,7417.314276,1
6/5/2020 13:46,0.010321921,99511.58157,7424.016041,1
6/5/2020 13:48,0.0103118,92985.71819,7435.264434,1
6/5/2020 13:50,0.010269375,92807.69714,7431.297788,1
6/5/2020 13:52,0.010293221,96487.16717,7417.663439,1
6/5/2020 13:54,0.010255824,95199.16915,7402.610822,1
6/5/2020 13:56,0.010053537,31351.2546,7390.899512,1
6/5/2020 13:58,0.010317277,92605.65119,7401.622926,1
6/5/2020 14:00,0.010479097,94885.57468,7445.551342,1
6/5/2020 14:02,0.010443202,96337.7795,7428.012056,1
6/5/2020 14:04,0.010317829,94888.16683,7428.674908,1
6/5/2020 14:06,0.010283872,88101.04072,7430.165452,1
6/5/2020 14:08,0.010201088,89060.30141,7421.543315,1
6/5/2020 14:10,0.010112688,92092.46441,7415.606921,1
6/5/2020 14:12,0.010219289,93317.85317,7401.12585,1
6/5/2020 14:14,0.010236841,94551.8951,7417.875215,1
6/5/2020 14:16,0.01017643,92543.90896,7399.711607,1
6/5/2020 14:18,0.010118348,35452.47205,7398.724002,1
6/5/2020 14:20,0.010287316,97657.80871,7405.156181,1
6/5/2020 14:22,0.010296463,97520.53691,7387.551982,1
6/5/2020 14:24,0.010187574,95030.06112,7389.046687,1
6/5/2020 14:26,0.010086322,92418.32354,7406.984427,1
6/5/2020 14:28,0.01022832,96702.0514,7429.733016,1
6/5/2020 14:30,0.010166954,97385.24989,7419.290043,1
6/5/2020 14:32,0.010194542,95059.00523,7398.366436,1
6/5/2020 14:34,0.01032141,97326.99576,7429.941439,1
6/5/2020 14:36,0.010256543,88286.99867,7447.688253,1
6/5/2020 14:38,0.010272554,90268.59246,7411.819101,1
6/5/2020 14:40,0.01012682,36073.9168,7412.262777,1
6/5/2020 14:42,0.010152588,97347.40886,7400.586902,1
6/5/2020 14:44,0.010093787,98425.71917,7393.31527,1
6/5/2020 14:46,0.01023051,94029.06516,7382.863355,1
6/5/2020 14:48,0.010343836,91479.32486,7393.210831,1
6/5/2020 14:50,0.010309828,94968.93436,7399.246371,1
6/5/2020 14:52,0.006832522,87785.51102,5062.674983,1
6/5/2020 14:54,0.001708622,7295.12655,1409.139386,1
6/5/2020 14:56,1.23E-05,724.4399603,13.2152954,1
6/5/2020 14:58,1.93E-05,81404.73563,21.90504073,1
6/5/2020 15:00,3.84E-05,168089.7767,22.32805692,1
6/5/2020 15:02,3.03E-05,80991.33494,14.0084206,1
6/5/2020 15:04,1.71E-05,288.7006563,20.90002704,1
6/5/2020 15:06,2.01E-05,347.1732839,22.8920384,1
6/5/2020 15:08,1.61E-05,280.682519,18.83318472,1
6/5/2020 15:10,2.07E-05,65219.60552,25.94577663,1
6/5/2020 15:12,2.05E-05,79986.32033,21.42277522,1
6/5/2020 15:14,1.69E-05,296.6549751,18.69280303,1
6/5/2020 15:16,1.99E-05,344.28572,24.39114165,1
6/5/2020 15:18,0.000153995,1116.432785,100.3924092,1
6/5/2020 15:20,0.001681965,81812.49164,1105.688948,1
6/5/2020 15:22,0.004149568,83879.67856,2941.378342,1
6/5/2020 15:24,0.006898979,20111.26389,4966.729951,1
6/5/2020 15:26,0.009369662,91927.98733,6797.247635,1
6/5/2020 15:28,0.010595789,98570.94381,7739.599846,1
6/5/2020 15:30,0.010874542,100976.8698,7949.566257,1
6/5/2020 15:32,0.010839697,92000.22302,7917.881705,1
6/5/2020 15:34,0.01091152,94817.29574,7901.010109,1
6/5/2020 15:36,0.010977035,102081.0535,7917.579048,1
6/5/2020 15:38,0.011052195,93752.77319,7929.231541,1
6/5/2020 15:40,0.010947408,89336.84874,7904.147204,1
6/5/2020 15:42,0.010749936,101235.1603,7883.38833,1
6/5/2020 15:44,0.010688413,102501.4494,7883.58654,1
6/5/2020 15:46,0.010703109,99952.0225,7918.701607,1
6/5/2020 15:48,0.010791506,101050.3961,7913.482493,1
6/5/2020 15:50,0.010769675,99172.20089,7905.231365,1
6/5/2020 15:52,0.01069228,99682.74196,7911.310518,1
6/5/2020 15:54,0.010647937,95368.33757,7862.435482,1
6/5/2020 15:56,0.010704616,94654.24839,7858.677808,1
6/5/2020 15:58,0.010831495,103093.6983,7883.04458,1
6/5/2020 16:00,0.010869268,99347.7814,7916.805501,1
6/5/2020 16:02,0.010760265,84612.81075,7904.746534,1
6/5/2020 16:04,0.010759034,89666.56819,7881.060391,1
6/5/2020 16:06,0.010639409,35286.29314,7904.020922,1
6/5/2020 16:08,0.010806162,100457.6413,7948.471083,1
6/5/2020 16:10,0.010805,99923.20902,7938.55569,1
6/5/2020 16:12,0.010854858,96268.46726,7909.304064,1
6/5/2020 16:14,0.010906731,102338.9111,7938.144288,1
6/5/2020 16:16,0.010860766,104951.1055,7938.29986,1
6/5/2020 16:18,0.010794218,96191.86936,7902.033551,1
6/5/2020 16:20,0.010818362,99001.20009,7909.666692,1
6/5/2020 16:22,0.010854801,101712.8329,7937.44606,1
6/5/2020 16:24,0.010821216,100581.4214,7920.176959,1
6/5/2020 16:26,0.010782338,99103.50448,7913.324362,1
6/5/2020 16:28,0.010844363,94737.85213,7935.797484,1
6/5/2020 16:30,0.01096699,95594.9564,7933.43617,1
6/5/2020 16:32,0.010949582,171367.2854,7914.775886,1
6/5/2020 16:34,0.010923806,180213.925,7891.968237,1
6/5/2020 16:36,0.010941464,101431.2793,7892.91085,1
6/5/2020 16:38,0.011069796,99327.78044,7915.40091,1
6/5/2020 16:40,0.011016172,105852.9885,7916.018695,1
6/5/2020 16:42,0.010992336,101852.9465,7907.062926,1
6/5/2020 16:44,0.010997204,95643.86765,7905.418354,1
6/5/2020 16:46,0.010855055,96928.80041,7905.234543,1
6/5/2020 16:48,0.010755884,97974.91775,7892.139208,1
6/5/2020 16:50,0.010746559,98312.18533,7853.263455,1
6/5/2020 16:52,0.010822581,97298.45168,7850.037047,1
6/5/2020 16:54,0.010702594,96522.29995,7853.73161,1
6/5/2020 16:56,0.010597591,110347.625,7880.250535,1
6/5/2020 16:58,0.010910012,180152.7808,7920.955404,1
6/5/2020 17:00,0.011010962,171181.9107,7940.602526,1
6/5/2020 17:02,0.011040976,169918.2114,7931.910315,1
6/5/2020 17:04,0.010874901,104312.7236,7923.605369,1
6/5/2020 17:06,0.010839103,98660.25547,7943.62554,1
6/5/2020 17:08,0.010885754,99890.43117,7915.490786,1
6/5/2020 17:10,0.010864525,98978.86229,7892.247075,1
6/5/2020 17:12,0.010967974,95353.9349,7925.676408,1
6/5/2020 17:14,0.011078301,100541.6413,7946.580053,1
6/5/2020 17:16,0.01101041,101456.6715,7902.277588,1
6/5/2020 17:18,0.010926388,95025.57603,7901.371319,1
6/5/2020 17:20,0.010901509,92806.9501,7921.436939,1
6/5/2020 17:22,0.010907759,95046.81798,7938.191832,1
6/5/2020 17:24,0.01088287,97701.37733,7926.544138,1
6/5/2020 17:26,0.010800505,90713.84446,7902.829263,1
6/5/2020 17:28,0.010848582,95302.03723,7905.413784,1
6/5/2020 17:30,0.010948769,180873.067,7886.807587,1
6/5/2020 17:32,0.010983157,171612.9889,7878.411387,1
6/5/2020 17:34,0.009399416,91881.12374,7323.727966,1
6/5/2020 17:36,0.007339122,93418.26413,5606.698888,1
6/5/2020 17:38,0.009048782,32592.43829,6494.000642,1
6/5/2020 17:40,0.011718769,100549.2131,8500.209849,1
6/5/2020 17:42,0.011913512,161345.6555,8503.165004,1
6/5/2020 17:44,0.011819916,170260.5667,8495.243689,1
6/5/2020 17:46,0.011768791,110535.169,8533.997365,1
6/5/2020 17:48,0.011747481,104941.43,8536.32238,1
6/5/2020 17:50,0.011771301,172318.375,8514.229349,1
6/5/2020 17:52,0.01169734,176883.9063,8520.802522,1
6/5/2020 17:54,0.011845727,163966.0759,8517.102218,1
6/5/2020 17:56,0.01168483,95614.55851,8522.973124,1
6/5/2020 17:58,0.011674147,97297.10043,8529.897957,1
6/5/2020 18:00,0.011682518,99008.57906,8495.807867,1
6/5/2020 18:02,0.01164155,101708.859,8497.878905,1
6/5/2020 18:04,0.011710305,105221.1403,8517.260368,1
6/5/2020 18:06,0.011674471,103335.9055,8486.053936,1
6/5/2020 18:08,0.011600451,101922.0491,8513.22569,1
6/5/2020 18:10,0.011544426,104757.9248,8515.500447,1
6/5/2020 18:12,0.011603313,104385.9674,8498.039461,1
6/5/2020 18:14,0.011763396,177581.3799,8525.640539,1
6/5/2020 18:16,0.011767238,179441.8036,8497.862839,1
6/5/2020 18:18,0.011655412,95680.60791,8463.099684,1
6/5/2020 18:20,0.01167375,94671.76807,8486.000361,1
6/5/2020 18:22,0.011765906,99944.93554,8503.961453,1
6/5/2020 18:24,0.011826654,98381.84508,8497.176772,1
6/5/2020 18:26,0.011752391,99038.25969,8516.802459,1
6/5/2020 18:28,0.011714903,103347.0398,8531.295052,1
6/5/2020 18:30,0.011794489,105744.0503,8512.702577,1
6/5/2020 18:32,0.011754007,102584.6902,8492.343105,1
6/5/2020 18:34,0.01176222,99068.26938,8502.008099,1
6/5/2020 18:36,0.011803177,100823.2007,8504.186497,1
6/5/2020 18:38,0.01168785,105054.3901,8519.099466,1
6/5/2020 18:40,0.011702941,166597.127,8538.843179,1
6/5/2020 18:42,0.011751213,97281.91363,8520.358747,1
6/5/2020 18:44,0.01181175,103213.0878,8494.466672,1
6/5/2020 18:46,0.011780168,172537.8054,8479.358956,1
6/5/2020 18:48,0.011838343,163052.337,8526.400613,1
6/5/2020 18:50,0.011761761,101874.1834,8547.054573,1
6/5/2020 18:52,0.011725702,97321.58143,8519.6034,1
6/5/2020 18:54,0.011730522,98661.26633,8494.515793,1
6/5/2020 18:56,0.011801882,104692.7505,8495.222917,1
6/5/2020 18:58,0.011729353,99820.42086,8512.665761,1
6/5/2020 19:00,0.011636965,103071.6983,8513.075257,1
6/5/2020 19:02,0.011668672,103041.1952,8514.482242,1
6/5/2020 19:04,0.011718578,102521.05,8535.116082,1
6/5/2020 19:06,0.011707349,104732.6825,8520.890337,1
6/5/2020 19:08,0.011679555,103582.0671,8524.829379,1
